ID,Name,InChI,InChIKey,SMILES,Solubility,SD,Ocurrences,Group,MolWt,MolLogP,MolMR,HeavyAtomCount,NumHAcceptors,NumHDonors,NumHeteroatoms,NumRotatableBonds,NumValenceElectrons,NumAromaticRings,NumSaturatedRings,NumAliphaticRings,RingCount,TPSA,LabuteASA,BalabanJ,BertzCT
A-3,"N,N,N-trimethyloctadecan-1-aminium bromide","InChI=1S/C21H46N.BrH/c1-5-6-7-8-9-10-11-12-13-14-15-16-17-18-19-20-21-22(2,3)4;/h5-21H2,1-4H3;1H/q+1;/p-1",SZEMGTQCPRNXEG-UHFFFAOYSA-M,[Br-].CCCCCCCCCCCCCCCCCC[N+](C)(C)C,-3.616127121,0,1,G1,392.51,3.9581,102.4454,23,0,0,2,17,142,0,0,0,0,0,158.5206006,0,210.3773341
A-4,Benzo[cd]indol-2(1H)-one,"InChI=1S/C11H7NO/c13-11-8-5-1-3-7-4-2-6-9(12-11)10(7)8/h1-6H,(H,12,13)",GPYLCFQEKPUWLD-UHFFFAOYSA-N,O=C1Nc2cccc3cccc1c23,-3.254767098,0,1,G1,169.183,2.4055,51.9012,13,1,1,2,0,62,2,0,1,3,29.1,75.1835629,2.582996394,511.2292477
A-5,4-chlorobenzaldehyde,InChI=1S/C7H5ClO/c8-7-3-1-6(5-9)2-4-7/h1-5H,AVPYQKSLYISFPO-UHFFFAOYSA-N,Clc1ccc(C=O)cc1,-2.177077944,0,1,G1,140.569,2.1525,36.8395,9,1,0,2,1,46,1,0,0,1,17.07,58.26113356,3.009781948,202.6610651
A-8,"zinc bis[2-hydroxy-3,5-bis(1-phenylethyl)benzoate]","InChI=1S/2C23H22O3.Zn/c2*1-15(17-9-5-3-6-10-17)19-13-20(22(24)21(14-19)23(25)26)16(2)18-11-7-4-8-12-18;/h2*3-16,24H,1-2H3,(H,25,26);/q;;+2/p-2",XTUPUYCJWKHGSW-UHFFFAOYSA-L,[Zn++].CC(c1ccccc1)c2cc(C(C)c3ccccc3)c(O)c(c2)C([O-])=O.CC(c4ccccc4)c5cc(C(C)c6ccccc6)c(O)c(c5)C([O-])=O,-3.924409095,0,1,G1,756.226,8.1161,200.7106,53,6,2,7,10,264,6,0,0,6,120.72,323.7554337,2.32E-07,1964.648666
A-9,"4-({4-[bis(oxiran-2-ylmethyl)amino]phenyl}methyl)-N,N-bis(oxiran-2-ylmethyl)aniline","InChI=1S/C25H30N2O4/c1-5-20(26(10-22-14-28-22)11-23-15-29-23)6-2-18(1)9-19-3-7-21(8-4-19)27(12-24-16-30-24)13-25-17-31-25/h1-8,22-25H,9-17H2",FAUAZXVRLVIARB-UHFFFAOYSA-N,C1OC1CN(CC2CO2)c3ccc(Cc4ccc(cc4)N(CC5CO5)CC6CO6)cc3,-4.662064583,0,1,G1,422.525,2.4854,119.076,31,6,0,6,12,164,2,4,4,6,56.6,183.1832685,1.084427317,769.8999341
A-10,vinyltoluene,"InChI=1S/C9H10/c1-3-9-6-4-5-8(2)7-9/h3-7H,1H2,2H3",JZHGRUMIRATHIU-UHFFFAOYSA-N,Cc1cccc(C=C)c1,-3.123150304,0,1,G1,118.179,2.63802,41.27,9,0,0,0,1,46,1,0,0,1,0,55.83662643,3.070760682,211.0332245
A-11,3-(3-ethylcyclopentyl)propanoic acid,"InChI=1S/C10H18O2/c1-2-8-3-4-9(7-8)5-6-10(11)12/h8-9H,2-7H2,1H3,(H,11,12)",WVRFSLWCFASCIS-UHFFFAOYSA-N,CCC1CCC(CCC(O)=O)C1,-3.286116314,0,1,G1,170.252,2.6775,47.9918,12,1,1,2,4,70,0,1,1,1,37.3,73.97365476,2.145839057,153.9175691
A-12,"11,16,17,21-tetrahydroxypregna-1,4-diene-3,20-dione","InChI=1S/C21H28O6/c1-19-6-5-12(23)7-11(19)3-4-13-14-8-16(25)21(27,17(26)10-22)20(14,2)9-15(24)18(13)19/h5-7,13-16,18,22,24-25,27H,3-4,8-10H2,1-2H3",SEKYBDYVXDAYPY-UHFFFAOYSA-N,CC12CC(O)C3C(CCC4=CC(=O)C=CC34C)C1CC(O)C2(O)C(=O)CO,-2.664548539,0,1,G1,376.449,0.5284,96.4382,27,6,4,6,2,148,0,3,4,4,115.06,158.1355418,1.77697793,755.770792
A-14,bis(4-fluorophenyl)methanone,InChI=1S/C13H8F2O/c14-11-5-1-9(2-6-11)13(16)10-3-7-12(15)8-4-10/h1-8H,LSQARZALBDFYQZ-UHFFFAOYSA-N,Fc1ccc(cc1)C(=O)c2ccc(F)cc2,-4.396652185,0.431512648,2,G3,218.202,3.1958,56.2325,16,1,0,3,2,80,2,0,0,2,17.07,91.34603235,2.315627695,452.9607328
A-15,1-[2-(benzoyloxy)propoxy]propan-2-yl benzoate 1-{[1-(benzoyloxy)propan-2-yl]oxy}propan-2-yl benzoate 2-{[1-(benzoyloxy)propan-2-yl]oxy}propyl benzoate,"InChI=1S/C20H22O5/c21-19(17-9-3-1-4-10-17)24-15-7-13-23-14-8-16-25-20(22)18-11-5-2-6-12-18/h1-6,9-12H,7-8,13-16H2",BYQDGAVOOHIJQS-UHFFFAOYSA-N,O=C(OCCCOCCCOC(=O)c1ccccc1)c2ccccc2,-4.595502564,0.118551282,2,G3,342.391,3.4972,93.502,25,5,0,5,10,132,2,0,0,2,61.83,147.0717141,1.44704964,582.1507933
A-17,4-(dimethylamino)benzaldehyde,"InChI=1S/C9H11NO/c1-10(2)9-5-3-8(7-11)4-6-9/h3-7H,1-2H3",BGNGWHSBYQYVRX-UHFFFAOYSA-N,CN(C)c1ccc(C=O)cc1,-2.28276885,0,1,G1,149.193,1.5651,46.1565,11,2,0,2,2,58,1,0,0,1,20.31,66.44758523,2.9098228,238.2445752
A-18,2-methyl-1-phenylpropan-2-yl acetate,"InChI=1S/C12H16O2/c1-10(13)14-12(2,3)9-11-7-5-4-6-8-11/h4-8H,9H2,1-3H3",FLUWAIIVLCVEKF-UHFFFAOYSA-N,CC(=O)OC(C)(C)Cc1ccccc1,-2.394649969,0,1,G1,192.258,2.5708,55.991,14,2,0,2,3,76,1,0,0,1,26.3,84.89612314,2.633870023,301.3575849
A-19,"2,3-dimethylphenol; 2,4-dimethylphenol; 2,5-dimethylphenol; 2,6-dimethylphenol; 3,4-dimethylphenol; 3,5-dimethylphenol","InChI=1S/6C8H10O/c1-6-3-7(2)5-8(9)4-6;1-6-3-4-8(9)5-7(6)2;1-6-3-4-8(9)7(2)5-6;1-6-3-4-7(2)8(9)5-6;1-6-4-3-5-8(9)7(6)2;1-6-4-3-5-7(2)8(6)9/h6*3-5,9H,1-2H3",YJZHZFOWHRKQHS-UHFFFAOYSA-N,Cc1ccc(O)c(C)c1.Cc2ccc(C)c(O)c2.Cc3cc(C)cc(O)c3.Cc4ccc(O)cc4C.Cc5cccc(O)c5C.Cc6cccc(C)c6O,-1.980309796,0.155859056,4,G5,733.002,12.05424,225.4848,54,6,6,6,0,288,6,0,0,6,121.38,322.8907378,3.24E-07,1804.418547
A-21,2-(4-tert-butylphenoxymethyl)oxirane,"InChI=1S/C13H18O2/c1-13(2,3)10-4-6-11(7-5-10)14-8-12-9-15-12/h4-7,12H,8-9H2,1-3H3",HHRACYLRBOUBKM-UHFFFAOYSA-N,CC(C)(C)c1ccc(OCC2CO2)cc1,-3.43023888,0,1,G1,206.285,2.7617,60.377,15,2,0,2,3,82,1,1,1,2,21.76,91.20725723,1.961588002,317.384344
A-22,5-methoxy-1-[4-(trifluoromethyl)phenyl]pentan-1-one,"InChI=1S/C13H15F3O2/c1-18-9-3-2-4-12(17)10-5-7-11(8-6-10)13(14,15)16/h5-8H,2-4,9H2,1H3",VYKSRLDHXQURKA-UHFFFAOYSA-N,COCCCCC(=O)c1ccc(cc1)C(F)(F)F,-3.544059701,0,1,G1,260.255,3.7048,61.5015,18,2,0,5,6,100,1,0,0,1,26.3,103.7576715,2.542670431,382.2179844
A-23,"(2E)-3,7-dimethylocta-2,6-dien-1-ol","InChI=1S/C10H18O/c1-9(2)5-4-6-10(3)7-8-11/h5,7,11H,4,6,8H2,1-3H3/b10-7-",GLZPCOQZEFWAFX-YFHOEESVSA-N,CC(C)=CCC\C(C)=C/CO,-2.320601166,0.071632869,4,G5,154.253,2.6714,49.5078,11,1,1,1,4,64,0,0,0,0,20.23,69.43875775,3.544387431,150.2557124
A-24,2-(4-chloro-2-methylphenoxy)propanoic acid,"InChI=1S/C10H11ClO3/c1-6-5-8(11)3-4-9(6)14-7(2)10(12)13/h3-5,7H,1-2H3,(H,12,13)",WNTGYJSOUMFZEP-UHFFFAOYSA-N,CC(Oc1ccc(Cl)cc1C)C(O)=O,-2.466030786,0.060620877,4,G5,214.648,2.50032,53.9148,14,2,1,4,3,76,1,0,0,1,46.53,87.26373889,2.817664885,349.2203894
A-25,zinc bis[O-(2-ethylhexyl) O-isobutyl dithiophosphate],"InChI=1S/2C12H27O2PS2.Zn/c2*1-5-7-8-12(6-2)10-14-15(16,17)13-9-11(3)4;/h2*11-12H,5-10H2,1-4H3,(H,16,17);/q;;+2/p-2",FHIAIHDDIOVFSY-UHFFFAOYSA-L,[Zn++].CCCCC(CC)CO[P]([S-])(=S)OCC(C)C.CCCCC(CC)CO[P]([S-])(=S)OCC(C)C,-2.958195047,0,1,G1,660.282,9.3243,163.396,35,8,0,11,20,208,0,0,0,0,36.92,251.870078,-5.69E-07,523.6422056
A-26,1-chloro-3-(trifluoromethyl)benzene,"InChI=1S/C7H4ClF3/c8-6-3-1-2-5(4-6)7(9,10)11/h1-4H",YTCGOUNVIAWCMG-UHFFFAOYSA-N,FC(F)(F)c1cccc(Cl)c1,-3.411513885,0,1,G1,180.556,3.3588,36.454,11,0,0,4,0,60,1,0,0,1,0,66.59621767,3.059901692,254.1077533
A-27,"oxiran-2-ylmethyl 2,2-dimethyloctanoate","InChI=1S/C13H24O3/c1-5-13(4,7-6-10(2)3)12(14)16-9-11-8-15-11/h10-11H,5-9H2,1-4H3",DHEHEJGXTUCSQF-UHFFFAOYSA-N,CCC(C)(CCC(C)C)C(=O)OCC1CO1,-3.513468741,0,1,G1,228.332,2.7809,63.169,16,3,0,3,7,94,0,1,1,1,38.83,98.50133781,2.374959576,233.3322057
A-28,2-methylheptyl 3-sulfanylpropanoate,"InChI=1S/C11H22O2S/c1-10(2)6-4-3-5-8-13-11(12)7-9-14/h10,14H,3-9H2,1-2H3",ZHUWXKIPGGZNJW-UHFFFAOYSA-N,CC(C)CCCCCOC(=O)CCS,-4.4543817,0,1,G1,218.362,3.0659,62.735,14,3,1,3,8,84,0,0,0,0,26.3,92.81880616,3.092076464,146.2229577
A-29,1-methyl-4-(propan-2-ylidene)cyclohex-1-ene,"InChI=1S/C10H16/c1-8(2)10-6-4-9(3)5-7-10/h4H,5-7H2,1-3H3",MOYAFQVGZZPNRA-UHFFFAOYSA-N,CC(C)=C1CCC(=CC1)C,-4.287342935,0.131230591,3,G5,136.238,3.453,45.982,10,0,0,0,0,56,0,0,1,1,0,63.63869284,2.668730432,178.2149912
A-30,aluminium(3+) ion sodium bis(oxosilanebis(olate)),InChI=1S/Al.Na.2O3Si/c;;2*1-4(2)3/q+3;+1;2*-2,URGAHOPLAPQHLN-UHFFFAOYSA-N,[Na+].[Al+3].[O-][Si]([O-])=O.[O-][Si]([O-])=O,-3.473139052,0,1,G1,202.138,-9.132,18.635,10,6,0,10,0,48,0,0,0,0,126.38,92.74620493,-3.00E-08,73.74860596
A-31,zinc(2+) ion bis(2-methylprop-2-enoate),"InChI=1S/C4H6O2.Zn/c1-3(2)4(5)6;/h1H2,2H3,(H,5,6);/q;+2/p-1",IQODPIFSDKREOZ-UHFFFAOYSA-M,[Zn++].CC(=C)C([O-])=O,-2.363208098,0,1,G1,150.472,-0.6901,19.821,7,2,0,3,1,34,0,0,0,0,40.13,54.98355823,0,75.69058447
A-32,3-[2-(ethylamino)-1-hydroxyethyl]phenol,"InChI=1S/C10H15NO2/c1-2-11-7-10(13)8-4-3-5-9(12)6-8/h3-6,10-13H,2,7H2,1H3",SQVIAVUSQAWMKL-UHFFFAOYSA-N,CCNCC(O)c1cccc(O)c1,-3.45410264,0,1,G1,181.235,1.0351,51.6103,13,3,3,3,4,72,1,0,0,1,52.49,78.02950127,2.597150821,262.8565878
A-33,"Phosphorodithioic acid, mixed O,O-bis(sec-Bu and 1,3-dimethylbutyl) esters, zinc salts","InChI=1S/2C10H23O2PS2.Zn/c2*1-6-9(4)11-13(14,15)12-10(5)7-8(2)3;/h2*8-10H,6-7H2,1-5H3,(H,14,15);/q;;+2/p-2",PWMSQVOBEKFBRF-UHFFFAOYSA-L,[Zn++].CCC(C)O[P]([S-])(=S)OC(C)CC(C)C.CCC(C)O[P]([S-])(=S)OC(C)CC(C)C,-2.990876868,0,1,G1,604.174,8.0457,144.98,31,8,0,11,14,184,0,0,0,0,36.92,226.4103096,-4.90E-07,495.3092237
A-34,"2,4-dichloro-1-(chloromethyl)benzene","InChI=1S/C7H5Cl3/c8-4-5-1-2-6(9)3-7(5)10/h1-3H,4H2",IRSVDHPYXFLLDS-UHFFFAOYSA-N,ClCc1ccc(Cl)cc1Cl,-3.512942193,0,1,G1,195.476,3.7322,46.019,10,0,0,3,1,54,1,0,0,1,0,74.70614391,3.069982715,232.2928705
A-36,"(1S,5S)-6,6-dimethyl-2-methylidenebicyclo[3.1.1]heptane","InChI=1S/C10H16/c1-7-4-5-8-6-9(7)10(8,2)3/h8-9H,1,4-6H2,2-3H3",WTARULDDTDQWMU-UHFFFAOYSA-N,CC1(C)C2CCC(=C)C1C2,-4.292313455,1.247787366,3,G4,136.238,2.9987,43.752,10,0,0,0,0,56,0,3,3,3,0,63.32246472,2.231080813,174.4773318
A-38,"9-Octadecenoic acid (Z)-, reaction products with 2-[(2-aminoethyl)amino]ethanol","InChI=1S/C18H34O2.C4H12N2O/c1-2-3-4-5-6-7-8-9-10-11-12-13-14-15-16-17-18(19)20;5-1-2-6-3-4-7/h9-10H,2-8,11-17H2,1H3,(H,19,20);6-7H,1-5H2/b10-9-;",YGJDXOJIYODGEO-KVVVOXFISA-N,CCCCCCCC\C=C/CCCCCCCC(O)=O.NCCNCCO,-4.809134189,0.286266072,3,G5,386.621,4.6355,116.0977,27,4,4,5,19,162,0,0,0,0,95.58,167.359006,0,305.9330152
A-39,dodecyl 2-hydroxypropanoate,"InChI=1S/C15H30O3/c1-3-4-5-6-7-8-9-10-11-12-13-18-15(17)14(2)16/h14,16H,3-13H2,1-2H3",QQQMUBLXDAFBRH-UHFFFAOYSA-N,CCCCCCCCCCCCOC(=O)C(C)O,-4.63414462,0.106537413,2,G3,258.402,3.8313,74.4838,18,3,1,3,12,108,0,0,0,0,46.53,111.9177417,3.053119778,190.1777353
A-45,hydroxylamine,"InChI=1S/H3NO/c1-2/h2H,1H2",AVXURJPOCDRRFD-UHFFFAOYSA-N,NO,-0.763033718,0.861298,7,G4,33.03,-0.6657,5.9739,2,2,2,2,0,14,0,0,0,0,46.25,12.46247186,1,2
A-47,2-phenoxyethyl prop-2-enoate,"InChI=1S/C11H12O3/c1-2-11(12)14-9-8-13-10-6-4-3-5-7-10/h2-7H,1,8-9H2",RZVINYQDSSQUKO-UHFFFAOYSA-N,C=CC(=O)OCCOc1ccccc1,-2.563625713,0.227965978,2,G3,192.214,1.7946,53.093,14,3,0,3,5,74,1,0,0,1,35.53,82.95512322,2.162143259,292.6607706
A-48,benzyl-tributylazanium; 4-hydroxynaphthalene-1-sulfonate,"InChI=1S/C19H34N.C10H8O4S/c1-4-7-15-20(16-8-5-2,17-9-6-3)18-19-13-11-10-12-14-19;11-9-5-6-10(15(12,13)14)8-4-2-1-3-7(8)9/h10-14H,4-9,15-18H2,1-3H3;1-6,11H,(H,12,13,14)/q+1;/p-1",XVJXBJTXFXPQAN-UHFFFAOYSA-M,CCCC[N+](CCCC)(CCCC)Cc1ccccc1.Oc2ccc(c3ccccc23)[S]([O-])(=O)=O,-2.641819273,0,1,G1,499.717,6.8532,143.3074,35,4,1,6,12,192,3,0,0,3,77.43,211.3129154,2.56E-07,1108.112314
A-49,undec-10-enoic acid,"InChI=1S/C11H20O2/c1-2-3-4-5-6-7-8-9-10-11(12)13/h2H,1,3-10H2,(H,12,13)",FRPZMMHWLSIFAZ-UHFFFAOYSA-N,OC(=O)CCCCCCCCC=C,-3.552826145,0.115494384,3,G5,184.279,3.3778,54.7688,13,1,1,2,9,76,0,0,0,0,37.3,80.65482499,2.909286733,141.0257051
A-50,"carboxymethyldimethyl-3-[[(3,3,4,4,5,5,6,6,7,7,8,8,8-tridecafluorooctyl)sulphonyl]amino]propylammonium hydroxide","InChI=1S/C15H19F13N2O4S/c1-30(2,8-9(31)32)6-3-5-29-35(33,34)7-4-10(16,17)11(18,19)12(20,21)13(22,23)14(24,25)15(26,27)28/h29H,3-8H2,1-2H3",OKOCIUJVPQKDLL-UHFFFAOYSA-N,C[N+](C)(CCCN[S](=O)(=O)CCC(F)(F)C(F)(F)C(F)(F)C(F)(F)C(F)(F)C(F)(F)F)CC([O-])=O,-4.057185148,0,1,G1,570.368,2.2511,88.6629,35,4,1,20,14,210,0,0,0,0,86.3,189.2366,5.464762893,857.4056777
A-51,2-benzyl-2-(dimethylamino)-1-[4-(morpholin-4-yl)phenyl]butan-1-one,"InChI=1S/C23H30N2O2/c1-4-23(24(2)3,18-19-8-6-5-7-9-19)22(26)20-10-12-21(13-11-20)25-14-16-27-17-15-25/h5-13H,4,14-18H2,1-3H3",UHFFVFAKEGKNAQ-UHFFFAOYSA-N,CCC(Cc1ccccc1)(N(C)C)C(=O)c2ccc(cc2)N3CCOCC3,-4.793227892,0,1,G1,366.505,3.659,110.6595,27,4,0,4,7,144,2,1,1,3,32.78,162.2917641,1.847540691,736.733482
A-53,"4-(4,6-dimethylheptan-2-yl)phenol; 4-(5,6-dimethylheptan-2-yl)phenol; 4-(5,6-dimethylheptyl)phenol; 4-(7-methyloctyl)phenol","InChI=1S/C15H24O/c1-13(2)7-5-3-4-6-8-14-9-11-15(16)12-10-14/h9-13,16H,3-8H2,1-2H3",JSFITYFUKSFPBZ-UHFFFAOYSA-N,CC(C)CCCCCCc1ccc(O)cc1,-4.587250025,0,1,G1,220.356,4.5412,69.7338,16,1,1,1,7,90,1,0,0,1,20.23,99.5101159,2.048582564,273.991355
A-54,"1,3-bis(prop-1-en-2-yl)benzene","InChI=1S/C12H14/c1-9(2)11-6-5-7-12(8-11)10(3)4/h5-8H,1,3H2,2,4H3",IBVPVTPPYGGAEL-UHFFFAOYSA-N,CC(=C)c1cccc(c1)C(C)=C,-4.451139225,0,1,G1,158.244,3.7528,55.858,12,0,0,0,2,62,1,0,0,1,0,74.24184974,3.121805775,289.3151247
A-55,molybdenum,InChI=1S/Mo,ZOKXTWBITQBERF-UHFFFAOYSA-N,[Mo],-4.203848464,0,1,G1,95.94,-0.0025,0,1,0,0,1,0,6,0,0,0,0,0,21.75656585,0,0
A-56,"ethenyl 2,2-dimethyloctanoate","InChI=1S/C12H22O2/c1-5-14-11(13)9-7-6-8-10-12(2,3)4/h5H,1,6-10H2,2-4H3",TVFJAZCVMOXQRK-UHFFFAOYSA-N,CC(C)(C)CCCCCC(=O)OC=C,-4.581332511,0,1,G1,198.306,3.6697,58.829,14,2,0,2,6,82,0,0,0,0,26.3,87.33907858,3.297215111,177.2509757
A-58,1-tert-butyl-4-methylbenzene,"InChI=1S/C11H16/c1-9-5-7-10(8-6-9)11(2,3)4/h5-8H,1-4H3",QCWXDVFBZVHKLV-UHFFFAOYSA-N,Cc1ccc(cc1)C(C)(C)C,-4.472021768,0.048455006,2,G3,148.249,3.29252,49.879,11,0,0,0,0,60,1,0,0,1,0,69.25611369,2.993754788,223.2103774
A-61,cyclohexanecarboxylic acid,"InChI=1S/C7H12O2/c8-7(9)6-4-2-1-3-5-6/h6H,1-5H2,(H,8,9)",NZNMSOFKMUBTKW-UHFFFAOYSA-N,OC(=O)C1CCCCC1,-1.445031941,0.18248403,2,G3,128.171,1.6513,34.2108,9,1,1,2,1,52,0,1,1,1,37.3,54.87882841,2.312191534,103.4837784
A-62,"pentasodium 5-{[4-chloro-6-({3-[2-(sulfonatooxy)ethanesulfonyl]phenyl}amino)-1,3,5-triazin-2-yl]amino}-3-[(E)-2-(1,5-disulfonatonaphthalen-2-yl)diazen-1-yl]-4-hydroxynaphthalene-2,7-disulfonate","InChI=1S/C31H24ClN7O19S6.5Na/c32-29-35-30(33-16-3-1-4-17(13-16)59(41,42)10-9-58-64(55,56)57)37-31(36-29)34-22-14-18(60(43,44)45)11-15-12-24(62(49,50)51)26(27(40)25(15)22)39-38-21-8-7-19-20(28(21)63(52,53)54)5-2-6-23(19)61(46,47)48;;;;;/h1-8,11-14,38H,9-10H2,(H,43,44,45)(H,46,47,48)(H,49,50,51)(H,52,53,54)(H,55,56,57)(H2,33,34,35,36,37);;;;;/q;5*+1/p-5/b39-26+;;;;;",NVNQRAOQGCJYDU-QUSWNXLDSA-I,[Na+].[Na+].[Na+].[Na+].[Na+].[O-][S](=O)(=O)OCC[S](=O)(=O)c1cccc(Nc2nc(Cl)nc(Nc3cc(cc4C=C(\C(=N/Nc5ccc6c(cccc6[S]([O-])(=O)=O)c5[S]([O-])(=O)=O)C(=O)c34)[S]([O-])(=O)=O)[S]([O-])(=O)=O)n2)c1,-0.410897736,0,1,G1,1136.328,-14.3013,212.8884,69,26,3,38,15,340,5,0,1,6,433.56,507.5754717,4.76E-06,3615.453397
A-63,"N,N'-bis(3-phenylprop-2-en-1-ylidene)hexane-1,6-diamine","InChI=1S/C24H28N2/c1(9-19-25-21-11-17-23-13-5-3-6-14-23)2-10-20-26-22-12-18-24-15-7-4-8-16-24/h3-8,11-18,21-22H,1-2,9-10,19-20H2/b17-11+,18-12+,25-21?,26-22?",ATPFMBHTMKBVLS-NCDJPSHJSA-N,C(CCCN=C\C=C\c1ccccc1)CCN=C/C=C/c2ccccc2,-3.893739071,0,1,G1,344.502,6.1152,116.138,26,2,0,2,11,134,2,0,0,2,24.72,157.2792416,1.442324565,634.0052066
A-65,"2-(benzotriazol-2-yl)-6-[[3-(benzotriazol-2-yl)-2-hydroxy-5-(2,4,4-trimethylpentan-2-yl)phenyl]methyl]-4-(2,4,4-trimethylpentan-2-yl)phenol","InChI=1S/C41H50N6O2/c1-38(2,3)24-40(7,8)28-20-26(36(48)34(22-28)46-42-30-15-11-12-16-31(30)43-46)19-27-21-29(41(9,10)25-39(4,5)6)23-35(37(27)49)47-44-32-17-13-14-18-33(32)45-47/h11-18,20-23,48-49H,19,24-25H2,1-10H3",FQUNFJULCYSSOP-UHFFFAOYSA-N,CC(C)(C)CC(C)(C)c1cc(Cc2cc(cc(n3nc4ccccc4n3)c2O)C(C)(C)CC(C)(C)C)c(O)c(c1)n5nc6ccccc6n5,-7.973715535,1.85592384,3,G4,658.891,9.584,198.0616,49,8,2,8,8,256,6,0,0,6,101.88,289.3491683,1.55269118,1937.716888
A-68,[2-({4-[(E)-2-(2-chloro-4-nitrophenyl)diazen-1-yl]phenyl}(ethyl)amino)ethyl]trimethylazanium chloride,"InChI=1S/C19H25ClN5O2.ClH/c1-5-23(12-13-25(2,3)4)16-8-6-15(7-9-16)21-22-19-11-10-17(24(26)27)14-18(19)20;/h6-11,14H,5,12-13H2,1-4H3;1H/q+1;/p-1",ZFRUNHQZTYGGDY-UHFFFAOYSA-M,[Cl-].CCN(CC[N+](C)(C)C)c1ccc(cc1)N=Nc2ccc(cc2Cl)[N+]([O-])=O,-3.038699623,0,1,G1,426.348,2.2001,109.5108,28,5,0,9,8,152,2,0,0,2,71.1,176.328844,3.92E-06,820.0639649
A-69,"2-(morpholin-4-ylsulfanyl)-1,3-benzothiazole","InChI=1S/C11H12N2OS2/c1-2-4-10-9(3-1)12-11(15-10)16-13-5-7-14-8-6-13/h1-4H,5-8H2",MHKLKWCYGIBEQF-UHFFFAOYSA-N,C1CN(CCO1)Sc2sc3ccccc3n2,-3.810962795,0,1,G1,252.364,2.6356,67.869,16,5,0,5,2,84,2,1,1,3,25.36,102.5588826,1.777897117,446.5442277
A-70,"(1R-(1alpha,2beta,4beta,6alpha))-2,2,7-Trimethyl-3-oxatricyclo(4.1.1.02,4)octane","InChI=1S/C10H16O/c1-9(2)6-4-7(9)10(3)8(5-6)11-10/h6-8H,4-5H2,1-3H3/t6-,7-,8+,10-/m1/s1",NQFUSWIGRKFAHK-BDNRQGISSA-N,CC1(C)[C@H]2C[C@@H]3O[C@]3(C)[C@@H]1C2,-2.593688492,0,1,G1,152.237,2.2099,43.273,11,1,0,1,0,62,0,4,4,4,12.53,68.11978183,1.980315256,216.1577794
A-71,"tetrasodium 7-[(E)-2-[2-(carbamoylamino)-4-{[4-chloro-6-({3-[2-(sulfonatooxy)ethanesulfonyl]phenyl}amino)-1,3,5-triazin-2-yl]amino}phenyl]diazen-1-yl]naphthalene-1,3,6-trisulfonate","InChI=1S/C28H24ClN9O16S5.4Na/c29-25-34-27(31-15-2-1-3-17(10-15)55(40,41)7-6-54-59(51,52)53)36-28(35-25)32-16-4-5-20(21(11-16)33-26(30)39)37-38-22-13-19-14(9-24(22)58(48,49)50)8-18(56(42,43)44)12-23(19)57(45,46)47;;;;/h1-5,8-13H,6-7H2,(H3,30,33,39)(H,42,43,44)(H,45,46,47)(H,48,49,50)(H,51,52,53)(H2,31,32,34,35,36);;;;/q;4*+1/p-4",UIEBGVDTKLYGTN-UHFFFAOYSA-J,[Na+].[Na+].[Na+].[Na+].NC(=O)Nc1cc(Nc2nc(Cl)nc(Nc3cccc(c3)[S](=O)(=O)CCO[S]([O-])(=O)=O)n2)ccc1N=Nc4cc5c(cc(cc5[S]([O-])(=O)=O)[S]([O-])(=O)=O)cc4[S]([O-])(=O)=O,-0.426136485,0,1,G1,1026.263,-9.9498,197.2081,63,23,4,35,15,314,5,0,0,5,414.74,451.055254,4.96E-06,3157.93203
A-72,"disodium 7-{[4-chloro-6-(dodecylamino)-1,3,5-triazin-2-yl]amino}-4-hydroxy-3-(2-{4-[2-(4-sulfonatophenyl)diazen-1-yl]phenyl}diazen-1-yl)naphthalene-2-sulfonate","InChI=1S/C37H42ClN9O7S2.2Na/c1-2-3-4-5-6-7-8-9-10-11-22-39-36-41-35(38)42-37(43-36)40-29-18-21-31-25(23-29)24-32(56(52,53)54)33(34(31)48)47-46-27-14-12-26(13-15-27)44-45-28-16-19-30(20-17-28)55(49,50)51;;/h12-21,23-24,48H,2-11,22H2,1H3,(H,49,50,51)(H,52,53,54)(H2,39,40,41,42,43);;/q;2*+1/p-2",VDKPMRJPMMEELL-UHFFFAOYSA-L,[Na+].[Na+].CCCCCCCCCCCCNc1nc(Cl)nc(Nc2ccc3c(O)c(N=Nc4ccc(cc4)N=Nc5ccc(cc5)[S]([O-])(=O)=O)c(cc3c2)[S]([O-])(=O)=O)n1,-3.358911212,0,1,G1,868.35,4.1072,211.2286,58,16,3,21,20,296,5,0,0,5,246.8,386.4974509,4.50E-06,2411.468973
A-73,S-ethyl dipropylthiocarbamate,"InChI=1S/C9H19NOS/c1-4-7-10(8-5-2)9(11)12-6-3/h4-8H2,1-3H3",GUVLYNGULCJVDO-UHFFFAOYSA-N,CCCN(CCC)C(=O)SCC,-2.703174404,0.018736413,2,G3,189.324,2.9815,55.683,12,2,0,3,5,72,0,0,0,0,20.31,79.70325374,3.810794755,121.6969429
A-74,2-[({4-[(oxiran-2-ylmethoxy)methyl]cyclohexyl}methoxy)methyl]oxirane,"InChI=1S/C14H24O4/c1-2-12(6-16-8-14-10-18-14)4-3-11(1)5-15-7-13-9-17-13/h11-14H,1-10H2",VQMQXWYQIIUJIT-UHFFFAOYSA-N,C1CC(CCC1COCC2CO2)COCC3CO3,-1.835797234,0,1,G1,256.342,1.6236,66.566,18,4,0,4,8,104,0,3,3,3,43.52,108.920186,1.206721687,216.1785465
A-75,"1-hydroxy-4-methyl-6-(2,4,4-trimethylpentyl)pyridin-2(1H)-one - 2-aminoethanol (1:1)","InChI=1S/C14H23NO2.C2H7NO/c1-10-6-12(15(17)13(16)8-10)7-11(2)9-14(3,4)5;3-1-2-4/h6,8,11,17H,7,9H2,1-5H3;4H,1-3H2",BTSZTGGZJQFALU-UHFFFAOYSA-N,CC(CC1=CC(=CC(=O)N1O)C)CC(C)(C)C.NCCO,-3.905464204,0.495711917,5,G5,298.427,1.94622,85.7037,21,5,3,5,4,122,1,0,0,1,88.48,126.9251358,8.85E-07,473.3909248
A-76,pentacalcium hydroxide triphosphate,"InChI=1S/5Ca.3H3O4P.H2O/c;;;;;3*1-5(2,3)4;/h;;;;;3*(H3,1,2,3,4);1H2/q5*+2;;;;/p-10",XYJRXVWERLGGKC-UHFFFAOYSA-D,[OH-].[Ca++].[Ca++].[Ca++].[Ca++].[Ca++].[O-][P]([O-])([O-])=O.[O-][P]([O-])([O-])=O.[O-][P]([O-])([O-])=O,-4.141900896,1.043888311,2,G2,502.307,-10.5546,53.5253,21,13,0,21,0,104,0,0,0,0,288.75,268.2425004,-1.29E-08,213.8389948
A-77,"6H-dibenzo[c,e][1,2]oxaphosphinine 6-oxide",InChI=1S/C12H8O2P/c13-15-12-8-4-2-6-10(12)9-5-1-3-7-11(9)14-15/h1-8H/q+1,DWSWCPPGLRSPIT-UHFFFAOYSA-N,O=[P+]1Oc2ccccc2c3ccccc13,-1.779623135,0,1,G1,215.168,4.3284,61.3265,15,2,0,3,0,72,3,0,0,3,30.21,86.97796987,2.702246345,700.3760069
A-79,ethenyl benzoate,"InChI=1S/C9H8O2/c1-2-11-9(10)8-6-4-3-5-7-8/h2-7H,1H2",KOZCZZVUFDCZGG-UHFFFAOYSA-N,C=COC(=O)c1ccccc1,-2.622959195,0,1,G1,148.161,1.9869,42.0545,11,2,0,2,2,56,1,0,0,1,26.3,65.11169376,2.766605169,251.5250601
A-80,methyl 4-tert-butylbenzoate,"InChI=1S/C12H16O2/c1-12(2,3)10-7-5-9(6-8-10)11(13)14-4/h5-8H,1-4H3",UPIJOAFHOIWPLT-UHFFFAOYSA-N,COC(=O)c1ccc(cc1)C(C)(C)C,-3.739816376,0,1,G1,192.258,2.7707,56.4815,14,2,0,2,1,76,1,0,0,1,26.3,84.89612314,2.949984042,317.1701203
A-81,"2,2-dimethyl-3-(3-methylphenyl)propan-1-ol","InChI=1S/C12H18O/c1-10-5-4-6-11(7-10)8-12(2,3)9-13/h4-7,13H,8-9H2,1-3H3",FYMOBFDUZIDKMI-UHFFFAOYSA-N,Cc1cccc(CC(C)(C)CO)c1,-2.826535469,0,1,G1,178.275,2.55602,55.7498,13,1,1,1,3,72,1,0,0,1,20.23,80.41528956,2.743151502,276.2078951
A-83,"(2E)-3,7-dimethylocta-2,6-dien-1-yl acetate","InChI=1S/C12H20O2/c1-10(2)6-5-7-11(3)8-9-14-12(4)13/h6,8H,5,7,9H2,1-4H3/b11-8-",HIGQPQRQIQDZMP-FLIBITNWSA-N,CC(=O)OC\C=C(C)/CCC=C(C)C,-3.754953216,0,1,G1,196.29,3.2422,59.055,14,2,0,2,5,80,0,0,0,0,26.3,86.64947555,3.670448527,232.7062842
A-86,"2-{6,6-dimethylbicyclo[3.1.1]hept-2-en-2-yl}ethan-1-ol","InChI=1S/C11H18O/c1-11(2)9-4-3-8(5-6-12)10(11)7-9/h3,9-10,12H,4-7H2,1-2H3/t9-,10-/m0/s1",ROKSAUSPJGWCSM-UWVGGRQHSA-N,CC1(C)[C@H]2CC=C(CCO)[C@@H]1C2,-2.695999804,0,1,G1,166.264,2.3612,49.7808,12,1,1,1,2,68,0,1,3,3,20.23,74.48164058,2.12734383,215.0440022
A-89,"3,3,5-trimethylcyclohexanone","InChI=1S/C9H16O/c1-7-4-8(10)6-9(2,3)5-7/h7H,4-6H2,1-3H3",POSWICCRDBKBMH-UHFFFAOYSA-N,CC1CC(=O)CC(C)(C)C1,-1.647141463,0,1,G1,140.226,2.4017,41.803,10,1,0,1,0,58,0,1,1,1,17.07,62.81447889,2.594656162,146.807256
A-91,2-(2-phenylphenoxy)ethyl prop-2-enoate,"InChI=1S/C17H16O3/c1-2-17(18)20-13-12-19-16-11-7-6-10-15(16)14-8-4-3-5-9-14/h2-11H,1,12-13H2",VAZQKPWSBFZARZ-UHFFFAOYSA-N,C=CC(=O)OCCOc1ccccc1c2ccccc2,-3.951518842,0,1,G1,268.312,3.4616,78.529,20,3,0,3,6,102,2,0,0,2,35.53,118.0122174,2.01827716,575.7988048
A-94,"3-[(3-sulfanylpropanoyl)oxy]-2,2-bis({[(3-sulfanylpropanoyl)oxy]methyl})propyl 3-sulfanylpropanoate","InChI=1S/C17H28O8S4/c18-13(1-5-26)22-9-17(10-23-14(19)2-6-27,11-24-15(20)3-7-28)12-25-16(21)4-8-29/h26-29H,1-12H2",JOBBTVPTPXRUBP-UHFFFAOYSA-N,SCCC(=O)OCC(COC(=O)CCS)(COC(=O)CCS)COC(=O)CCS,-5.123168748,0.018244536,3,G5,488.671,1.4252,120.149,29,12,4,12,16,168,0,0,0,0,105.2,192.2988608,5.354117665,436.0525055
A-100,"4-[2-(4-hydroxy-3,5-dimethylphenyl)propan-2-yl]-2,6-dimethylphenol","InChI=1S/C19H24O2/c1-11-7-15(8-12(2)17(11)20)19(5,6)16-9-13(3)18(21)14(4)10-16/h7-10,20-21H,1-6H3",ODJUOZPKKHIEOZ-UHFFFAOYSA-N,Cc1cc(cc(C)c1O)C(C)(C)c2cc(C)c(O)c(C)c2,-4.952868803,0,1,G1,284.399,4.65738,87.2896,21,2,2,2,2,112,2,0,0,2,40.46,126.6315596,2.614907029,591.197921
A-101,"1,3-bis(octadecanoyloxy)propan-2-yl octadecanoate","InChI=1S/C57H110O6/c1-4-7-10-13-16-19-22-25-28-31-34-37-40-43-46-49-55(58)61-52-54(63-57(60)51-48-45-42-39-36-33-30-27-24-21-18-15-12-9-6-3)53-62-56(59)50-47-44-41-38-35-32-29-26-23-20-17-14-11-8-5-2/h54H,4-53H2,1-3H3",DCXXMTOCNZCJGO-UHFFFAOYSA-N,CCCCCCCCCCCCCCCCCC(=O)OCC(COC(=O)CCCCCCCCCCCCCCCCC)OC(=O)CCCCCCCCCCCCCCCCC,-5.47300058,0,1,G1,891.501,18.7691,270.436,63,6,0,6,53,374,0,0,0,0,78.9,393.0012114,4.296169818,885.5832275
A-106,"ethyl 3,5,5-trimethylhexanoate","InChI=1S/C11H22O2/c1-6-13-10(12)7-9(2)8-11(3,4)5/h9H,6-8H2,1-5H3",NMZMQQBBZRGLPJ-UHFFFAOYSA-N,CCOC(=O)CC(C)CC(C)(C)C,-3.823043168,0.025392856,3,G5,186.295,3.0119,54.486,13,2,0,2,4,78,0,0,0,0,26.3,81.6637395,3.74027542,155.963439
A-109,calcium oxosilanebis(olate),InChI=1S/Ca.O3Si/c;1-4(2)3/q+2;-2,OYACROKNLOSFPA-UHFFFAOYSA-N,[Ca++].[O-][Si]([O-])=O,-2.650086994,0.686790331,2,G2,116.161,-3.2584,12.1945,5,3,0,5,0,24,0,0,0,0,63.19,60.52965303,0,29.87430298
A-111,5-Ethyl-2-methylpyridine,"InChI=1S/C8H11N/c1-3-8-5-4-7(2)9-6-8/h4-6H,3H2,1-2H3",NTSLROIKFLNUIJ-UHFFFAOYSA-N,CCc1ccc(C)nc1,-1.004260454,0,1,G1,121.183,1.95242,38.352,9,1,0,1,1,48,1,0,0,1,12.89,55.74587744,2.881555878,176.264053
A-113,"(1R,2S,5R)-5-methyl-2-(propan-2-yl)cyclohexyl (2S)-2-hydroxypropanoate","InChI=1S/C13H24O3/c1-8(2)11-6-5-9(3)7-12(11)16-13(15)10(4)14/h8-12,14H,5-7H2,1-4H3/t9-,10+,11+,12-/m1/s1",UJNOLBSYLSYIBM-NOOOWODRSA-N,CC(C)[C@@H]1CC[C@@H](C)C[C@H]1OC(=O)[C@H](C)O,-2.979987205,0,1,G1,228.332,2.3712,62.9038,16,3,1,3,3,94,0,1,1,1,46.53,98.18202633,2.607345789,235.3322057
A-114,Prednisolone,"InChI=1S/C21H28O5/c1-19-7-5-13(23)9-12(19)3-4-14-15-6-8-21(26,17(25)11-22)20(15,2)10-16(24)18(14)19/h5,7,9,14-16,18,22,24,26H,3-4,6,8,10-11H2,1-2H3/t14-,15-,16-,18+,19-,20-,21-/m0/s1",OIGNJSKKLXVSLS-VWUMJDOOSA-N,C[C@]12C[C@H](O)[C@H]3[C@@H](CCC4=CC(=O)C=C[C@]34C)[C@@H]1CC[C@]2(O)C(=O)CO,-3.178447129,0.015046519,2,G3,360.45,1.5576,95.0484,26,5,3,5,2,142,0,3,4,4,94.83,153.3413081,1.747281448,723.9130815
A-115,"disodium 5-methyl-2-({4-[(4-methyl-2-sulfonatophenyl)amino]-9,10-dioxo-9,10-dihydroanthracen-1-yl}amino)benzene-1-sulfonate","InChI=1S/C28H22N2O8S2.2Na/c1-15-7-9-19(23(13-15)39(33,34)35)29-21-11-12-22(30-20-10-8-16(2)14-24(20)40(36,37)38)26-25(21)27(31)17-5-3-4-6-18(17)28(26)32;;/h3-14,29-30H,1-2H3,(H,33,34,35)(H,36,37,38);;/q;2*+1/p-2",FPAYXBWMYIMERV-UHFFFAOYSA-L,[Na+].[Na+].Cc1ccc(Nc2ccc(Nc3ccc(C)cc3[S]([O-])(=O)=O)c4C(=O)c5ccccc5C(=O)c24)c(c1)[S]([O-])(=O)=O,-1.427031257,0,1,G1,622.588,-1.61776,144.5988,42,10,2,14,6,204,4,0,1,5,172.6,286.5634629,2.42E-06,1836.595334
A-116,dialuminium(3+) ion dimolybdenum nonaoxidandiide,InChI=1S/2Al.2Mo.9O/q2*+3;;;9*-2,CTVFHFFURJHNAT-UHFFFAOYSA-N,[O--].[O--].[O--].[O--].[O--].[O--].[O--].[O--].[O--].[Al+3].[Al+3].[Mo].[Mo],-4.229152992,0,1,G1,389.835,-1.8358,17.6865,13,0,0,13,0,84,0,0,0,0,256.5,125.2184608,0,15.57639132
A-117,2-phenoxyethyl 2-methylprop-2-enoate,"InChI=1S/C12H14O3/c1-10(2)12(13)15-9-8-14-11-6-4-3-5-7-11/h3-7H,1,8-9H2,2H3",CEXQWAAGPPNOQF-UHFFFAOYSA-N,CC(=C)C(=O)OCCOc1ccccc1,-2.95264717,0,1,G1,206.241,2.1847,57.71,15,3,0,3,5,80,1,0,0,1,35.53,89.32006533,2.177249866,329.9802853
A-118,"5-{[2-(2-butoxyethoxy)ethoxy]methyl}-6-propyl-2H-1,3-benzodioxole","InChI=1S/C19H30O5/c1-3-5-7-20-8-9-21-10-11-22-14-17-13-19-18(23-15-24-19)12-16(17)6-4-2/h12-13H,3-11,14-15H2,1-2H3",FIPWRIJSWJWJAI-UHFFFAOYSA-N,CCCCOCCOCCOCc1cc2OCOc2cc1CCC,-4.151088918,0.129092083,3,G5,338.444,3.7177,92.762,24,5,0,5,13,136,1,0,1,2,46.15,144.7375456,1.63217421,475.0701059
A-119,fluoromethane,InChI=1S/CH3F/c1-2/h1H3,NBVXSUQYWXRMNV-UHFFFAOYSA-N,CF,-0.175874376,0,1,G1,34.033,0.5857,7.032,2,0,0,1,0,14,0,0,0,0,0,12.90478643,1,2
A-122,(2-phenoxyethoxy)benzene,"InChI=1S/C14H14O2/c1-3-7-13(8-4-1)15-11-12-16-14-9-5-2-6-10-14/h1-10H,11-12H2",XCSGHNKDXGYELG-UHFFFAOYSA-N,C(COc1ccccc1)Oc2ccccc2,-3.988526528,0,1,G1,214.264,3.1444,63.874,16,2,0,2,5,82,2,0,0,2,18.46,95.44547201,1.698217471,356.0952226
A-123,"4-[(4-amino-2-chloro-3,5-diethylphenyl)methyl]-3-chloro-2,6-diethylaniline","InChI=1S/C21H28Cl2N2/c1-5-12-9-14(18(22)16(7-3)20(12)24)11-15-10-13(6-2)21(25)17(8-4)19(15)23/h9-10H,5-8,11,24-25H2,1-4H3",VIOMIGLBMQVNLY-UHFFFAOYSA-N,CCc1cc(Cc2cc(CC)c(N)c(CC)c2Cl)c(Cl)c(CC)c1N,-7.278038713,0,1,G1,379.375,5.9982,112.0468,25,2,2,4,6,136,2,0,0,2,52.04,161.0592902,2.605266323,716.9411215
A-124,"sodium 1-amino-9,10-dioxo-4-({2,4,6-trimethyl-3-[(phenylformamido)methyl]phenyl}amino)-9,10-dihydroanthracene-2-sulfonate","InChI=1S/C31H27N3O6S.Na/c1-16-13-17(2)28(18(3)22(16)15-33-31(37)19-9-5-4-6-10-19)34-23-14-24(41(38,39)40)27(32)26-25(23)29(35)20-11-7-8-12-21(20)30(26)36;/h4-14,34H,15,32H2,1-3H3,(H,33,37)(H,38,39,40);/q;+1/p-1",OFHDOLUPOLKDSG-UHFFFAOYSA-M,[Na+].Cc1cc(C)c(Nc2cc(c(N)c3C(=O)c4ccccc4C(=O)c23)[S]([O-])(=O)=O)c(C)c1CNC(=O)c5ccccc5,-1.439605121,0,1,G1,591.621,1.55116,153.6725,42,8,3,11,6,208,4,0,1,5,158.49,265.1176664,4.05E-06,1889.081184
A-125,2-propylpentanoic acid,"InChI=1S/C8H16O2/c1-3-5-7(6-4-2)8(9)10/h7H,3-6H2,1-2H3,(H,9,10)",NIJJYAXOARWZEE-UHFFFAOYSA-N,CCCC(CCC)C(O)=O,-1.857977427,0,1,G1,144.214,2.2874,40.9418,10,1,1,2,5,60,0,0,0,0,37.3,62.24960168,3.609578053,93.43071362
A-127,zinc di(benzothiazol-2-yl) disulphide,"InChI=1S/2C7H5NS2.Zn/c2*9-7-8-5-3-1-2-4-6(5)10-7;/h2*1-4H,(H,8,9);/q;;+2/p-2",PGNWIWKMXVDXHP-UHFFFAOYSA-L,[Zn++].[S-]c1sc2ccccc2n1.[S-]c3sc4ccccc4n3,-4.285895804,0,1,G1,397.89,4.4017,90.502,21,6,0,7,0,100,4,0,0,4,25.78,153.7711414,1.47E-07,718.0672908
A-128,2-(2-{[2-(oxiran-2-ylmethoxy)phenyl]methyl}phenoxymethyl)oxirane; 2-(2-{[4-(oxiran-2-ylmethoxy)phenyl]methyl}phenoxymethyl)oxirane; 2-(4-{[4-(oxiran-2-ylmethoxy)phenyl]methyl}phenoxymethyl)oxirane,"InChI=1S/C6H6O.C3H5ClO.CH2O/c7-6-4-2-1-3-5-6;4-1-3-2-5-3;1-2/h1-5,7H;3H,1-2H2;1H2",IRJIVOLJTYKLEH-UHFFFAOYSA-N,Oc1ccccc1.ClCC2CO2.C=O,-4.034756761,0,1,G1,216.664,1.8313,55.6878,14,3,1,4,1,78,1,1,1,2,49.83,88.26957004,2.13E-07,224.068537
A-129,"3-[(2E)-oct-2-en-1-yl]oxolane-2,5-dione; 3-[(2Z)-oct-2-en-1-yl]oxolane-2,5-dione","InChI=1S/C12H18O3/c1-2-3-4-5-6-7-8-10-9-11(13)15-12(10)14/h7-8,10H,2-6,9H2,1H3/b8-7+",FLISWPFVWWWNNP-BQYQJAHWSA-N,CCCCCC/C=C/C1CC(=O)OC1=O,-4.021753515,0,1,G1,210.273,2.6027,57.105,15,3,0,3,6,84,0,1,1,1,43.37,90.49476953,2.148614906,255.5928465
A-134,2-(chloromethyl)oxirane; 4-[2-(4-hydroxyphenyl)propan-2-yl]phenol; 2-methylprop-2-enoic acid,"InChI=1S/C15H16O2.C4H6O2.C3H5ClO/c1-15(2,11-3-7-13(16)8-4-11)12-5-9-14(17)10-6-12;1-3(2)4(5)6;4-1-3-2-5-3/h3-10,16-17H,1-2H3;1H2,2H3,(H,5,6);3H,1-2H2",HXMNCTCIJUKTBN-UHFFFAOYSA-N,CC(=C)C(O)=O.CC(C)(c1ccc(O)cc1)c2ccc(O)cc2.ClCC3CO3,-5.229282852,0,1,G1,406.906,4.6948,111.2514,28,4,3,6,4,152,2,1,1,3,90.29,170.4151814,2.91E-07,703.019051
A-135,"(1S,5S)-2,6,6-trimethylbicyclo[3.1.1]hept-2-ene","InChI=1S/C10H16/c1-7-4-5-8-6-9(7)10(8,2)3/h4,8-9H,5-6H2,1-3H3/t8-,9-/m0/s1",GRWFGVWFFZKLTI-IUCAKERBSA-N,CC1=CC[C@H]2C[C@@H]1C2(C)C,-4.772570424,0.0731444,3,G5,136.238,2.9987,43.752,10,0,0,0,0,56,0,1,3,3,0,63.32246472,2.29662658,186.2149912
A-139,trimethyl[(trimethylsilyl)oxy]silane,"InChI=1S/C6H18OSi2/c1-8(2,3)7-9(4,5)6/h1-6H3",UQEAIHBTYFGYIE-UHFFFAOYSA-N,C[Si](C)(C)O[Si](C)(C)C,-4.909505216,0.166247392,2,G3,162.381,2.6728,47.777,9,1,0,3,2,56,0,0,0,0,9.23,60.68613838,3.746417931,76.21143267
A-140,"2,3,3,3-tetrafluoroprop-1-ene","InChI=1S/C3H2F4/c1-2(4)3(5,6)7/h1H2",FXRLMCRCYDHQFW-UHFFFAOYSA-N,FC(=C)C(F)(F)F,-2.759957367,0,1,G1,114.041,2.0319,16.303,7,0,0,4,0,42,0,0,0,0,0,37.44167384,3.791118417,79.42592197
A-141,2H-chromen-2-one,InChI=1S/C9H6O2/c10-9-6-5-7-3-1-2-4-8(7)11-9/h1-6H,ZYGHJZDHTFUPRJ-UHFFFAOYSA-N,O=C1Oc2ccccc2C=C1,-1.886030361,0.640507101,3,G4,146.145,1.793,42.484,11,2,0,2,0,54,2,0,0,2,30.21,63.07940658,2.935350798,428.5108209
A-142,1-methyl-4-(prop-1-en-2-yl)cyclohex-1-ene,"InChI=1S/C10H16/c1-8(2)10-6-4-9(3)5-7-10/h4,10H,1,5-7H2,2-3H3",XMGQYMWWDOXHJM-UHFFFAOYSA-N,CC(=C)C1CCC(=CC1)C,-3.84649653,0.730589006,9,G4,136.238,3.3089,45.912,10,0,0,0,1,56,0,0,1,1,0,63.63869284,2.495412227,162.8771238
A-143,"hydrogen [4-[[4-(diethylamino)-o-tolyl][4-[ethyl(3-sulphonatobenzyl)amino]phenyl]methylene]cyclohexa-2,5-dien-1-ylidene](ethyl)(3-sulphonatobenzyl)ammonium, sodium salt","InChI=1S/C42H47N3O6S2.Na/c1-6-43(7-2)38-24-25-41(31(5)26-38)42(34-16-20-36(21-17-34)44(8-3)29-32-12-10-14-39(27-32)52(46,47)48)35-18-22-37(23-19-35)45(9-4)30-33-13-11-15-40(28-33)53(49,50)51;/h10-28H,6-9,29-30H2,1-5H3,(H-,46,47,48,49,50,51);/q;+1/p-1",IXNUVCLIRYUKFB-UHFFFAOYSA-M,[Na+].CCN(CC)c1ccc([C+](c2ccc(cc2)N(CC)Cc3cccc(c3)[S]([O-])(=O)=O)c4ccc(cc4)N(CC)Cc5cccc(c5)[S]([O-])(=O)=O)c(C)c1,-0.62297793,0,1,G1,775.969,4.72561,210.4314,54,9,0,12,16,278,5,0,0,5,124.12,342.989258,6.50E-06,2098.802645
A-144,tungsten(4+) ion disulfanediide,InChI=1S/2S.W,ITRNXVSDJBHYNJ-UHFFFAOYSA-N,S=[W]=S,-4.139133643,0,1,G1,247.974,1.2939,15.182,3,2,0,3,0,18,0,0,0,0,0,34.65223128,3.265986324,23.77443751
A-145,disodium 5-[(E)-2-(5-hydroxy-3-methyl-1-phenyl-1H-pyrazol-4-yl)diazen-1-yl]-2-{4-[(E)-2-(5-hydroxy-3-methyl-1-phenyl-1H-pyrazol-4-yl)diazen-1-yl]-2-sulfonatophenyl}benzene-1-sulfonate,"InChI=1S/C32H26N8O8S2.2Na/c1-19-29(31(41)39(37-19)23-9-5-3-6-10-23)35-33-21-13-15-25(27(17-21)49(43,44)45)26-16-14-22(18-28(26)50(46,47)48)34-36-30-20(2)38-40(32(30)42)24-11-7-4-8-12-24;;/h3-18,29-30H,1-2H3,(H,43,44,45)(H,46,47,48);;/q;2*+1/p-2",ZRYQXQUPWQNYSX-UHFFFAOYSA-L,[Na+].[Na+].CC1=NN(C(=O)C1N=Nc2ccc(c3ccc(cc3[S]([O-])(=O)=O)N=NC4C(=NN(C4=O)c5ccccc5)C)c(c2)[S]([O-])(=O)=O)c6ccccc6,-1.642781181,0,1,G1,758.706,-1.0802,178.4864,52,14,0,20,9,254,4,0,2,6,229.18,342.0618159,3.02E-06,2210.600386
A-146,"(1R,2R,4R)-1,7,7-trimethylbicyclo[2.2.1]heptan-2-yl acetate (1S,2S,4S)-1,7,7-trimethylbicyclo[2.2.1]heptan-2-yl acetate","InChI=1S/C12H20O2/c1-8(13)14-10-7-9-5-6-12(10,4)11(9,2)3/h9-10H,5-7H2,1-4H3/t9-,10+,12-/m1/s1",KGEKLUUHTZCSIP-JFGNBEQYSA-N,CC(=O)O[C@H]1C[C@H]2CC[C@@]1(C)C2(C)C,-3.088778192,0,1,G1,196.29,2.7643,54.783,14,2,0,2,1,80,0,2,2,2,26.3,86.01701931,2.225540267,269.4952945
A-147,dioxido-oxosilane; lead(+2) cation,InChI=1S/O3Si.Pb/c1-4(2)3;/q-2;+2,AFPIWWDEGJLLCL-UHFFFAOYSA-N,[Pb++].[O-][Si]([O-])=O,-6.6197116,0,1,G1,283.283,-3.2584,12.1945,5,3,0,5,0,26,0,0,0,0,63.19,50.69643661,0,29.87430298
A-148,2-methyl-1-phenylpropan-2-yl butanoate,"InChI=1S/C14H20O2/c1-4-8-13(15)16-14(2,3)11-12-9-6-5-7-10-12/h5-7,9-10H,4,8,11H2,1-3H3",SHSGYHAHMQLYRB-UHFFFAOYSA-N,CCCC(=O)OC(C)(C)Cc1ccccc1,-4.135942613,0,1,G1,220.312,3.351,65.225,16,2,0,2,5,88,1,0,0,1,26.3,97.62600736,2.544920392,327.848395
A-150,"disodium 4,4'-[(2,4-dihydroxy-1,3-phenylene)didiazene-2,1-diyl]dinaphthalene-1-sulfonate","InChI=1S/C26H18N4O8S2.2Na/c31-22-12-9-21(29-27-19-10-13-23(39(33,34)35)17-7-3-1-5-15(17)19)26(32)25(22)30-28-20-11-14-24(40(36,37)38)18-8-4-2-6-16(18)20;;/h1-14,27-28H,(H,33,34,35)(H,36,37,38);;/q;2*+1/p-2/b29-21+,30-25+;;",UTIACSXEVKXHPT-XALLQCHJSA-L,[Na+].[Na+].[O-][S](=O)(=O)c1ccc(N\N=C\2C=CC(=O)C(=N/Nc3ccc(c4ccccc34)[S]([O-])(=O)=O)\C2=O)c5ccccc15,-2.603841144,0,1,G1,622.548,-4.7392,143.5478,42,12,2,16,6,202,5,0,0,5,197.32,282.1466774,2.42E-06,2288.251258
A-153,1-[(1-propoxypropan-2-yl)oxy]propan-2-ol,"InChI=1S/C9H20O3/c1-4-5-11-7-9(3)12-6-8(2)10/h8-10H,4-7H2,1-3H3",WEZPLQKRXDBPEP-UHFFFAOYSA-N,CCCOCC(C)OCC(C)O,-0.070052651,0,1,G1,176.256,1.1989,48.2048,12,3,1,3,7,74,0,0,0,0,38.69,74.68011215,3.153177586,93.77443751
A-156,"5-isocyanato-1-(isocyanatomethyl)-1,3,3-trimethylcyclohexane","InChI=1S/C12H18N2O2/c1-11(2)4-10(14-9-16)5-12(3,6-11)7-13-8-15/h10H,4-7H2,1-3H3",NIMLQBUJDJZYEJ-UHFFFAOYSA-N,CC1(C)CC(CC(C)(CN=C=O)C1)N=C=O,-4.170824759,0,1,G1,222.288,2.243,60.637,16,4,0,4,3,88,0,1,1,1,58.86,95.8614723,2.854455781,352.0302612
A-158,"octadec-9-enoic acid - N-(2-aminoethyl)ethane-1,2-diamine (1:1)","InChI=1S/C18H34O2.C4H13N3/c1-2-3-4-5-6-7-8-9-10-11-12-13-14-15-16-17-18(19)20;5-1-3-7-4-2-6/h9-10H,2-8,11-17H2,1H3,(H,19,20);7H,1-6H2/b10-9-;",PYBPYUAKCDQFCS-KVVVOXFISA-N,CCCCCCCC\C=C/CCCCCCCC(O)=O.NCCNCCN,-4.410087437,0.398670244,4,G5,385.637,4.6019,118.0663,27,4,4,5,19,162,0,0,0,0,101.37,167.904663,0,305.9330152
A-162,1-[2-[[4-[(2-chloro-4-nitrophenyl)azo]phenyl]ethylamino]ethyl]pyridinium acetate,"InChI=1S/C21H21ClN5O2.C2H4O2/c1-2-26(15-14-25-12-4-3-5-13-25)18-8-6-17(7-9-18)23-24-21-11-10-19(27(28)29)16-20(21)22;1-2(3)4/h3-13,16H,2,14-15H2,1H3;1H3,(H,3,4)/q+1;/p-1",WQIDMVKHMHGZPN-UHFFFAOYSA-M,CCN(CC[n+]1ccccc1)c2ccc(cc2)N=Nc3ccc(cc3Cl)[N+]([O-])=O.CC([O-])=O,-1.521890085,0,1,G1,469.929,4.2338,123.9294,33,7,0,10,8,172,3,0,0,3,115.11,196.2893042,8.90E-07,1087.765708
A-167,diphenyl carbonate,InChI=1S/C13H10O3/c14-13(15-11-7-3-1-4-8-11)16-12-9-5-2-6-10-12/h1-10H,ROORDVPLFPIABK-UHFFFAOYSA-N,O=C(Oc1ccccc1)Oc2ccccc2,-4.216916663,0,1,G1,214.22,3.2644,59.536,16,3,0,3,2,80,2,0,0,2,35.53,93.242052,1.952194148,407.6186271
A-168,vinyl 2-ethylhexanoate,"InChI=1S/C10H18O2/c1-4-7-8-9(5-2)10(11)12-6-3/h6,9H,3-5,7-8H2,1-2H3",IGBZOHMCHDADGY-UHFFFAOYSA-N,CCCCC(CC)C(=O)OC=C,-4.151910976,0,1,G1,170.252,2.8895,49.595,12,2,0,2,6,70,0,0,0,0,26.3,74.60919435,3.780192424,140.7740057
A-169,2-methyl-N-[(2-methylprop-2-enamido)methyl]prop-2-enamide,"InChI=1S/C9H14N2O2/c1-6(2)8(12)10-5-11-9(13)7(3)4/h1,3,5H2,2,4H3,(H,10,12)(H,11,13)",TURITJIWSQEMDB-UHFFFAOYSA-N,CC(=C)C(=O)NCNC(=O)C(C)=C,-1.189236756,0,1,G1,182.223,0.3285,50.7804,13,2,2,4,4,72,0,0,0,0,58.2,77.70235045,3.689372962,230.3403164
A-170,"(1Z,5Z)-cycloocta-1,5-diene","InChI=1S/C8H12/c1-2-4-6-8-7-5-3-1/h1-2,7-8H,3-6H2/b2-1-,8-7-",VYXHVRARDIDEHS-QGTKBVGQSA-N,C\1C\C=C/CC\C=C1,-2.965977173,0,1,G1,108.184,2.6728,36.748,8,0,0,0,0,44,0,0,1,1,0,50.90880861,2.285714286,72.60593782
A-171,(3-isocyanatopropyl)trimethoxysilane,"InChI=1S/C7H15NO4Si/c1-10-13(11-2,12-3)6-4-5-8-7-9/h4-6H2,1-3H3",FMGBDYLOANULLW-UHFFFAOYSA-N,CO[Si](CCCN=C=O)(OC)OC,-3.256981001,0,1,G1,205.286,0.5904,49.1935,13,5,0,6,7,76,0,0,0,0,57.12,79.07735682,3.873428642,169.0666932
A-172,(3-chloropropyl)triethoxysilane,"InChI=1S/C9H21ClO3Si/c1-4-11-14(12-5-2,13-6-3)9-7-8-10/h4-9H2,1-3H3",KSCAZPYHLGGNPZ-UHFFFAOYSA-N,CCO[Si](CCCCl)(OCC)OCC,-3.32858345,0,1,G1,240.803,2.6637,60.776,14,3,0,5,9,86,0,0,0,0,27.69,93.05366269,4.210670443,118.2059243
A-176,"1,2-dibutyl benzene-1,2-dicarboxylate","InChI=1S/C16H22O4/c1-3-5-11-19-15(17)13-9-7-8-10-14(13)16(18)20-12-6-4-2/h7-10H,3-6,11-12H2,1-2H3",DOIRQSBPFJWKBE-UHFFFAOYSA-N,CCCCOC(=O)c1ccccc1C(=O)OCCCC,-4.387683254,0.057297264,5,G5,278.348,3.6004,76.823,20,4,0,4,8,110,1,0,0,1,52.6,119.6309589,2.712391338,398.8579422
A-177,"sodium 3-{[9,10-dioxo-4-({2,4,6-trimethyl-3-[(sodiooxy)sulfonyl]phenyl}amino)-9,10-dihydroanthracen-1-yl]amino}-2,4,6-trimethylbenzene-1-sulfonate","InChI=1S/C32H30N2O8S2.2Na/c1-15-13-17(3)31(43(37,38)39)19(5)27(15)33-23-11-12-24(26-25(23)29(35)21-9-7-8-10-22(21)30(26)36)34-28-16(2)14-18(4)32(20(28)6)44(40,41)42;;/h7-14,33-34H,1-6H3,(H,37,38,39)(H,40,41,42);;/q;2*+1/p-2",UHXQPQCJDDSMCB-UHFFFAOYSA-L,[Na+].[Na+].Cc1cc(C)c(c(C)c1Nc2ccc(Nc3c(C)cc(C)c(c3C)[S]([O-])(=O)=O)c4C(=O)c5ccccc5C(=O)c24)[S]([O-])(=O)=O,-1.79226117,0,1,G1,678.696,-0.38408,163.5468,46,10,2,14,6,228,4,0,1,5,172.6,312.0232313,2.88E-06,2027.663603
A-178,"4-benzoylbenzene-1,2,3-triol","InChI=1S/C13H10O4/c14-10-7-6-9(12(16)13(10)17)11(15)8-4-2-1-3-5-8/h1-7,14,16-17H",HTQNYBBTZSBWKL-UHFFFAOYSA-N,Oc1ccc(c(O)c1O)C(=O)c2ccccc2,-3.345107824,0,1,G1,230.219,2.0344,61.3109,17,4,3,4,2,86,2,0,0,2,77.76,97.3976628,2.492154136,561.1321875
A-182,"3-[(2E)-dodec-2-en-1-yl]oxolane-2,5-dione; 3-[(2Z)-dodec-2-en-1-yl]oxolane-2,5-dione","InChI=1S/C16H26O3/c1-2-3-4-5-6-7-8-9-10-11-12-14-13-15(17)19-16(14)18/h10-11,14H,2-9,12-13H2,1H3/b11-10+",UYCICMIUKYEYEU-ZHACJKMWSA-N,CCCCCCCCC\C=C\CC1CC(=O)OC1=O,-4.425503245,0,1,G1,266.381,4.1631,75.573,19,3,0,3,10,108,0,1,1,1,43.37,115.954538,1.932483464,307.1159065
A-183,"dihydro-3-(tetrapropenyl)furan-2,5-dione","InChI=1S/C16H26O3/c1-10(2)6-11(3)7-12(4)8-13(5)14-9-15(17)19-16(14)18/h8,10-12,14H,6-7,9H2,1-5H3/b13-8+",WBRBLKRDTHYRRV-MDWZMJQESA-N,CC(C)CC(C)CC(C)\C=C(/C)C1CC(=O)OC1=O,-4.425503245,0.150514998,2,G3,266.381,3.7308,75.363,19,3,0,3,6,108,0,1,1,1,43.37,115.954538,2.533405705,368.1903354
A-184,{2-hydroxy-3-[(9Z)-octadec-9-enoyloxy]propoxy}boronic acid 2-hydroxy-3-{[hydroxy({2-hydroxy-3-[(9Z)-octadec-9-enoyloxy]propoxy})boranyl]oxy}propyl (9Z)-octadec-9-enoate 3-{[bis({2-hydroxy-3-[(9Z)-octadec-9-enoyloxy]propoxy})boranyl]oxy}-2-hydroxypropyl (9Z)-octadec-9-enoate,"InChI=1S/C63H117BO12.C42H79BO9.C21H41BO6/c1-4-7-10-13-16-19-22-25-28-31-34-37-40-43-46-49-61(68)71-52-58(65)55-74-64(75-56-59(66)53-72-62(69)50-47-44-41-38-35-32-29-26-23-20-17-14-11-8-5-2)76-57-60(67)54-73-63(70)51-48-45-42-39-36-33-30-27-24-21-18-15-12-9-6-3;1-3-5-7-9-11-13-15-17-19-21-23-25-27-29-31-33-41(46)49-35-39(44)37-51-43(48)52-38-40(45)36-50-42(47)34-32-30-28-26-24-22-20-18-16-14-12-10-8-6-4-2;1-2-3-4-5-6-7-8-9-10-11-12-13-14-15-16-17-21(24)27-18-20(23)19-28-22(25)26/h25-30,58-60,65-67H,4-24,31-57H2,1-3H3;17-20,39-40,44-45,48H,3-16,21-38H2,1-2H3;9-10,20,23,25-26H,2-8,11-19H2,1H3/b28-25-,29-26-,30-27-;19-17-,20-18-;10-9-",VBCPUMZLCRUHTJ-VVUJETCRSA-N,CCCCCCCC\C=C/CCCCCCCC(=O)OCC(O)COB(O)O.CCCCCCCC\C=C/CCCCCCCC(=O)OCC(O)COB(O)OCC(O)COC(=O)CCCCCCC\C=C/CCCCCCCC.CCCCCCCC\C=C/CCCCCCCC(=O)OCC(O)COB(OCC(O)COC(=O)CCCCCCC\C=C/CCCCCCCC)OCC(O)COC(=O)CCCCCCC\C=C/CCCCCCCC,-5.345705158,0,1,G1,2216.691,29.64,638.1372,156,27,9,30,120,912,0,0,0,0,395.25,952.4933599,-2.51E-06,2927.060118
A-188,4-(decanoyloxy)benzoic acid,"InChI=1S/C17H24O4/c1-2-3-4-5-6-7-8-9-16(18)21-15-12-10-14(11-13-15)17(19)20/h10-13H,2-9H2,1H3,(H,19,20)",QTMHHQFADWIZCP-UHFFFAOYSA-N,CCCCCCCCCC(=O)Oc1ccc(cc1)C(O)=O,-5.42454755,0,1,G1,292.375,4.4309,81.6463,21,3,1,4,10,116,1,0,0,1,63.6,125.6765896,2.168622689,436.6082594
A-189,"4,4,13,13-tetraethoxy-3,14-dioxa-8,9-dithia-4,13-disilahexadecane","InChI=1S/C18H42O6S2Si2/c1-7-19-27(20-8-2,21-9-3)17-13-15-25-26-16-14-18-28(22-10-4,23-11-5)24-12-6/h7-18H2,1-6H3",FBBATURSCRIBHN-UHFFFAOYSA-N,CCO[Si](CCCSSCCC[Si](OCC)(OCC)OCC)(OCC)OCC,-5.676541809,0,1,G1,474.834,5.2448,125.028,28,8,0,10,21,170,0,0,0,0,55.38,182.7726662,4.137940541,289.9984128
A-191,3-methylbutyl (2E)-3-(4-methoxyphenyl)prop-2-enoate,"InChI=1S/C15H20O3/c1-12(2)10-11-18-15(16)9-6-13-4-7-14(17-3)8-5-13/h4-9,12H,10-11H2,1-3H3/b9-6+",UBNYRXMKIIGMKK-RMKNXTFCSA-N,COc1ccc(\C=C\C(=O)OCCC(C)C)cc1,-5.49192521,0,1,G1,248.322,3.2977,72.442,18,3,0,3,6,98,1,0,0,1,35.53,108.4148917,2.398340762,390.7046704
A-192,2-(hexadecanoylamino)acetic acid,"InChI=1S/C18H35NO3/c1-2-3-4-5-6-7-8-9-10-11-12-13-14-15-17(20)19-16-18(21)22/h2-16H2,1H3,(H,19,20)(H,21,22)",KVTFEOAKFFQCCX-UHFFFAOYSA-N,CCCCCCCCCCCCCCCC(=O)NCC(O)=O,-5.593122622,0.044587195,3,G5,313.482,4.6685,90.9575,22,2,2,4,16,130,0,0,0,0,66.4,135.6104071,3.107593514,279.5058337
A-193,"(1E,5E,9E)-cyclododeca-1,5,9-triene","InChI=1S/C12H18/c1-2-4-6-8-10-12-11-9-7-5-3-1/h1-2,7-10H,3-6,11-12H2/b2-1-,9-7-,10-8+",ZOLLIQAKMYWTBR-UDIJVJLMSA-N,C\1C\C=C/CC\C=C/CC/C=C1,-5.365156254,0.198970004,2,G3,162.276,4.0092,55.122,12,0,0,0,0,66,0,0,1,1,0,75.67897404,2.304110598,121.1931192
A-195,"bis({[bis(3,5,5-trimethylhexyl)carbamothioyl]sulfanyl})zinc","InChI=1S/2C19H39NS2.Zn/c2*1-15(13-18(3,4)5)9-11-20(17(21)22)12-10-16(2)14-19(6,7)8;/h2*15-16H,9-14H2,1-8H3,(H,21,22);/q;;+2/p-2",YRZWCIIGZCKHBM-UHFFFAOYSA-L,CC(CCN(CCC(C)CC(C)(C)C)C(=S)S[Zn]SC(=S)N(CCC(C)CC(C)(C)C)CCC(C)CC(C)(C)C)CC(C)(C)C,-6.102526939,0,1,G1,754.698,13.3887,214.936,45,4,0,7,18,264,0,0,0,0,6.48,308.1417279,5.345455404,714.6494188
A-196,2-[4-(bromomethyl)phenyl]benzonitrile,"InChI=1S/C14H10BrN/c15-9-11-5-7-12(8-6-11)14-4-2-1-3-13(14)10-16/h1-8H,9H2",LFFIEVAMVPCZNA-UHFFFAOYSA-N,BrCc1ccc(cc1)c2ccccc2C#N,-6.656649109,0,1,G1,272.145,4.12018,69.224,16,1,0,2,2,78,2,0,0,2,23.79,103.4785088,2.468747212,523.1767595
A-197,"2,2,6,6-tetramethylpiperidin-4-yl hexadecanoate 2,2,6,6-tetramethylpiperidin-4-yl octadecanoate","InChI=1S/C27H53NO2.C25H49NO2/c1-6-7-8-9-10-11-12-13-14-15-16-17-18-19-20-21-25(29)30-24-22-26(2,3)28-27(4,5)23-24;1-6-7-8-9-10-11-12-13-14-15-16-17-18-19-23(27)28-22-20-24(2,3)26-25(4,5)21-22/h24,28H,6-23H2,1-5H3;22,26H,6-21H2,1-5H3",KABHMUPUYPTLHI-UHFFFAOYSA-N,CCCCCCCCCCCCCCCCCC(=O)OC1CC(C)(C)NC(C)(C)C1.CCCCCCCCCCCCCCCC(=O)OC2CC(C)(C)NC(C)(C)C2,-6.214524895,1,2,G2,819.398,15.4204,250.6734,58,6,2,6,32,344,0,2,2,2,76.66,361.9953267,5.81E-07,988.8485276
A-198,N-(2-ethylhexyl)-7-methyloctanamide,"InChI=1S/C17H35NO/c1-5-7-12-16(6-2)14-18-17(19)13-10-8-9-11-15(3)4/h15-16H,5-14H2,1-4H3,(H,18,19)",CYJLFSMDQYFKRD-UHFFFAOYSA-N,CCCCC(CC)CNC(=O)CCCCCC(C)C,-5.731545253,0,1,G1,269.473,4.9255,84.2387,19,1,1,2,12,114,0,0,0,0,29.1,120.2897091,3.51254411,213.3076044
A-199,Doramectin,"InChI=1S/C50H74O14/c1-27-13-12-16-34-26-57-47-42(51)30(4)21-37(50(34,47)54)48(53)60-36-22-35(63-49(25-36)20-19-29(3)45(64-49)33-14-10-9-11-15-33)18-17-28(2)44(27)61-41-24-39(56-8)46(32(6)59-41)62-40-23-38(55-7)43(52)31(5)58-40/h12-13,16-17,19-21,27,29,31-33,35-47,51-52,54H,9-11,14-15,18,22-26H2,1-8H3/b13-12+,28-17+,34-16+/t27-,29-,31-,32-,35+,36-,37-,38-,39-,40-,41-,42+,43-,44?,45-,46?,47+,49+,50+/m0/s1",QLFZZSKTJWDQOS-NJPOTTGESA-N,CO[C@H]1C[C@@H](O[C@@H](C)[C@@H]1O)OC2[C@H](C)O[C@H](C[C@@H]2OC)OC3[C@@H](C)/C=C/C=C/4CO[C@@H]5[C@H](O)C(=C[C@@H](C(=O)O[C@H]6C[C@@H](C\C=C3/C)O[C@@]7(C6)O[C@@H]([C@@H](C)C=C7)C8CCCCC8)[C@]45O)C,-7.555881514,0,1,G1,899.128,5.9116,234.4254,64,14,3,14,7,358,0,5,8,8,170.06,378.8064259,1.081008911,1787.630132
A-201,"1,1':4',1''-terphenyl",InChI=1S/C18H14/c1-3-7-15(8-4-1)17-11-13-18(14-12-17)16-9-5-2-6-10-16/h1-14H,XJKSTNDFUHDPQJ-UHFFFAOYSA-N,c1ccc(cc1)c2ccc(cc2)c3ccccc3,-6.183335848,0.461832076,2,G3,230.31,5.0206,77.314,18,0,0,0,2,86,3,0,0,3,0,107.5455915,1.951466169,548.7160655
A-203,pyrene,InChI=1S/C16H10/c1-3-11-7-9-13-5-2-6-14-10-8-12(4-1)15(11)16(13)14/h1-10H,BBEAQIROQSPTKN-UHFFFAOYSA-N,c1cc2ccc3cccc4ccc(c1)c2c34,-6.178796616,0.058820019,3,G5,202.256,4.584,70.146,16,0,0,0,0,74,4,0,0,4,0,93.45542159,2.505955689,666.6198058
A-204,"1,4-dibutyl benzene-1,4-dicarboxylate","InChI=1S/C16H22O4/c1-3-5-11-19-15(17)13-7-9-14(10-8-13)16(18)20-12-6-4-2/h7-10H,3-6,11-12H2,1-2H3",LQLQDKBJAIILIQ-UHFFFAOYSA-N,CCCCOC(=O)c1ccc(cc1)C(=O)OCCCC,-6.40319542,0.688111365,6,G4,278.348,3.6004,76.823,20,4,0,4,8,110,1,0,0,1,52.6,119.6309589,2.503712391,381.6079422
A-208,1-(2-ethylbutyl)cyclohexane-1-carbonitrile,"InChI=1S/C13H23N/c1-3-12(4-2)10-13(11-14)8-6-5-7-9-13/h12H,3-10H2,1-2H3",DRMOLJPDSCAGCC-UHFFFAOYSA-N,CCC(CC)CC1(CCCCC1)C#N,-6.587338232,0,1,G1,193.334,4.28678,59.82,14,1,0,1,4,80,0,1,1,1,23.79,88.50530493,2.55666339,191.7713275
A-209,1-(4-methoxyphenyl)-4-(4-nitrophenyl)piperazine,"InChI=1S/C17H19N3O3/c1-23-17-8-6-15(7-9-17)19-12-10-18(11-13-19)14-2-4-16(5-3-14)20(21)22/h2-9H,10-13H2,1H3",AVCKOFMRPAJEPN-UHFFFAOYSA-N,COc1ccc(cc1)N2CCN(CC2)c3ccc(cc3)[N+]([O-])=O,-6.929013035,0,1,G1,313.357,2.93,90.5164,23,5,0,6,4,120,2,1,1,3,58.85,134.593565,1.617703496,662.4878771
A-212,bis(8-methylnonyl) sebacate,"InChI=1S/C30H58O4/c1-27(2)21-15-9-7-13-19-25-33-29(31)23-17-11-5-6-12-18-24-30(32)34-26-20-14-8-10-16-22-28(3)4/h27-28H,5-26H2,1-4H3",OAXZVLMNNOOMGN-UHFFFAOYSA-N,CC(C)CCCCCCCOC(=O)CCCCCCCCC(=O)OCCCCCCCC(C)C,-7.252394502,0.275453734,2,G3,482.79,9.1868,143.934,34,4,0,4,25,202,0,0,0,0,52.6,211.872707,3.280659315,416.7216822
A-213,"6'-(dibutylamino)-3'-methyl-2'-(phenylamino)-3H-spiro[2-benzofuran-1,9'-xanthene]-3-one","InChI=1S/C35H36N2O3/c1-4-6-19-37(20-7-5-2)26-17-18-29-33(22-26)39-32-21-24(3)31(36-25-13-9-8-10-14-25)23-30(32)35(29)28-16-12-11-15-27(28)34(38)40-35/h8-18,21-23,36H,4-7,19-20H2,1-3H3",XAAILNNJDMIMON-UHFFFAOYSA-N,CCCCN(CCCC)c1ccc2c(Oc3cc(C)c(Nc4ccccc4)cc3C25OC(=O)c6ccccc56)c1,-7.404250358,0.324618535,3,G5,532.684,8.71322,161.1882,40,5,1,5,9,204,4,0,2,6,50.8,236.3036951,1.512692155,1540.023187
A-215,"2,2-difluoro-1,3-benzodioxole-4-carbaldehyde",InChI=1S/C8H4F2O3/c9-8(10)12-6-3-1-2-5(4-11)7(6)13-8/h1-4H,NIBFJPXGNVPNHK-UHFFFAOYSA-N,FC1(F)Oc2cccc(C=O)c2O1,-2.155833357,0,1,G1,186.113,1.8206,38.0325,13,3,0,5,1,68,1,0,1,2,35.53,71.87513956,2.506530915,362.4068138
A-216,"1-amino-4-(ethylamino)-9,10-dioxo-9,10-dihydroanthracene-2-carbonitrile","InChI=1S/C17H13N3O2/c1-2-20-12-7-9(8-18)15(19)14-13(12)16(21)10-5-3-4-6-11(10)17(14)22/h3-7,20H,2,19H2,1H3",ATXPWKWYLDEURI-UHFFFAOYSA-N,CCNc1cc(C#N)c(N)c2C(=O)c3ccccc3C(=O)c12,-7.638280591,0,1,G1,291.31,2.34768,83.0401,22,5,2,5,2,108,2,0,1,3,95.98,126.9127535,2.386809954,862.938264
A-219,(3-aminopropyl)[(9Z)-octadec-9-en-1-yl]amine; bis((9Z)-octadec-9-enoic acid),"InChI=1S/C21H44N2.2C18H34O2/c1-2-3-4-5-6-7-8-9-10-11-12-13-14-15-16-17-20-23-21-18-19-22;2*1-2-3-4-5-6-7-8-9-10-11-12-13-14-15-16-17-18(19)20/h9-10,23H,2-8,11-22H2,1H3;2*9-10H,2-8,11-17H2,1H3,(H,19,20)/b3*10-9-",VTXWSJAEIWTHCL-DJNDIFCPSA-N,CCCCCCCC\C=C/CCCCCCCCNCCCN.CCCCCCCC\C=C/CCCCCCCC(O)=O.CCCCCCCC\C=C/CCCCCCCC(O)=O,-8.25019206,0,1,G1,889.533,18.1793,280.1687,63,4,4,6,49,374,0,0,0,0,112.65,393.9201272,-8.60E-07,883.0930025
A-220,"2-ethylhexyl 4-[(4-{[4-(tert-butylcarbamoyl)phenyl]amino}-6-[(4-{[(2-ethylhexyl)oxy]carbonyl}phenyl)amino]-1,3,5-triazin-2-yl)amino]benzoate","InChI=1S/C44H59N7O5/c1-8-12-14-30(10-3)28-55-39(53)33-18-24-36(25-19-33)46-42-48-41(45-35-22-16-32(17-23-35)38(52)51-44(5,6)7)49-43(50-42)47-37-26-20-34(21-27-37)40(54)56-29-31(11-4)15-13-9-2/h16-27,30-31H,8-15,28-29H2,1-7H3,(H,51,52)(H3,45,46,47,48,49,50)",OSCJHTSDLYVCQC-UHFFFAOYSA-N,CCCCC(CC)COC(=O)c1ccc(Nc2nc(Nc3ccc(cc3)C(=O)NC(C)(C)C)nc(Nc4ccc(cc4)C(=O)OCC(CC)CCCC)n2)cc1,-8.185258765,0.41195437,2,G3,766,10.3771,223.3973,56,11,4,12,21,300,4,0,0,4,156.46,331.5664038,1.500952066,1746.281277
A-222,dioxovanadium,InChI=1S/2O.V,GRUMUEUJTSXQOI-UHFFFAOYSA-N,O=[V]=O,-4.400250091,1.528905422,4,G4,82.94,-0.2401,1.373,3,2,0,3,0,17,0,0,0,0,34.14,24.36039623,3.265986324,23.77443751
A-224,1-dodecylpyridin-1-ium chloride,"InChI=1S/C17H30N.ClH/c1-2-3-4-5-6-7-8-9-10-12-15-18-16-13-11-14-17-18;/h11,13-14,16-17H,2-10,12,15H2,1H3;1H/q+1;/p-1",GKQHIYSTBXDYNQ-UHFFFAOYSA-M,[Cl-].CCCCCCCCCCCC[n+]1ccccc1,-0.453910537,0,1,G1,283.887,1.899,78.481,19,0,0,2,11,110,1,0,0,1,3.88,125.3934212,3.24E-06,273.8503707
A-225,"2-(2,6-dimethylphenoxy)acetic acid","InChI=1S/C10H12O3/c1-7-4-3-5-8(2)10(7)13-6-9(11)12/h3-5H,6H2,1-2H3,(H,11,12)",MLBCURLNKYKBEQ-UHFFFAOYSA-N,Cc1cccc(C)c1OCC(O)=O,-2.256644531,0.4791308,3,G5,180.203,1.76684,49.0468,13,2,1,3,3,70,1,0,0,1,46.53,76.96047266,2.806920562,297.6959388
A-227,"({bis[(2-ethylhexanoyl)oxy]-2,4-dioxa-3-bora-1,5-dicobaltapentan-3-yl}oxy)cobaltio 2-ethylhexanoate","InChI=1S/3C8H16O2.BO3.3Co/c3*1-3-5-6-7(4-2)8(9)10;2-1(3)4;;;/h3*7H,3-6H2,1-2H3,(H,9,10);;;;/q;;;-3;+1;+2;+3/p-3",HRNSQLGPRFFUNA-UHFFFAOYSA-K,CCCCC(CC)C(=O)O[Co]OB(O[Co])O[Co](OC(=O)C(CC)CCCC)OC(=O)C(CC)CCCC,-1.825456143,0,1,G1,665.226,6.0374,127.203,37,9,0,13,23,225,0,0,0,0,106.59,243.4543891,5.268005358,600.2721927
A-228,"disodium 4-[(E)-2-[2,6-dihydroxy-3-(hydroxymethyl)-5-[(E)-2-(4-sulfonatonaphthalen-1-yl)diazen-1-yl]phenyl]diazen-1-yl]naphthalene-1-sulfonate","InChI=1S/C27H20N4O9S2.2Na/c32-14-15-13-22(30-28-20-9-11-23(41(35,36)37)18-7-3-1-5-16(18)20)27(34)25(26(15)33)31-29-21-10-12-24(42(38,39)40)19-8-4-2-6-17(19)21;;/h1-13,28-29,32H,14H2,(H,35,36,37)(H,38,39,40);;/q;2*+1/p-2/b30-22+,31-25+;;",TUQJHVRCALPCHU-CRVUNLCOSA-L,[Na+].[Na+].OCC1=CC(=N/Nc2ccc(c3ccccc23)[S]([O-])(=O)=O)\C(=O)/C(=N/Nc4ccc(c5ccccc45)[S]([O-])(=O)=O)C1=O,-0.817164744,0,1,G1,652.574,-5.2469,149.4706,44,13,3,17,7,214,5,0,0,5,217.55,293.3058533,2.64E-06,2360.006031
A-229,1-(4-hydroxyphenyl)ethan-1-one,"InChI=1S/C8H8O2/c1-6(9)7-2-4-8(10)5-3-7/h2-5,10H,1H3",TXFPEBPIARQUIG-UHFFFAOYSA-N,CC(=O)c1ccc(O)cc1,-1.138382451,0,1,G1,136.15,1.5948,38.1113,10,2,1,2,1,52,1,0,0,1,37.3,59.1170432,3.003400685,235.9394334
A-230,calcium magnesium(2+) ion dioxidandiide,InChI=1S/Ca.Mg.2O/q2*+2;2*-2,YLUIKWVQCKSMCF-UHFFFAOYSA-N,[O--].[O--].[Mg++].[Ca++],-1.988356233,1.862057608,3,G4,96.381,-0.9992,12.881,4,0,0,4,0,16,0,0,0,0,57,70.71564842,0,6
A-232,disodium 3-[(E)-2-{4-[(E)-2-(7-amino-1-hydroxy-3-sulfonatonaphthalen-2-yl)diazen-1-yl]naphthalen-1-yl}diazen-1-yl]-2-hydroxybenzoate,"InChI=1S/C27H19N5O7S.2Na/c28-15-9-8-14-12-23(40(37,38)39)24(26(34)19(14)13-15)32-30-21-11-10-20(16-4-1-2-5-17(16)21)29-31-22-7-3-6-18(25(22)33)27(35)36;;/h1-13,33-34H,28H2,(H,35,36)(H,37,38,39);;/q;2*+1/p-2",QENJECLVTWIZIG-UHFFFAOYSA-L,[Na+].[Na+].Nc1ccc2cc(c(N=Nc3ccc(N=Nc4cccc(C([O-])=O)c4O)c5ccccc35)c(O)c2c1)[S]([O-])(=O)=O,-2.786820452,0,1,G1,601.508,-0.9072,142.7257,42,12,3,15,6,200,5,0,0,5,213.25,282.5069677,2.42E-06,2018.572524
A-234,"6,10-dimethylundeca-3,5,9-trien-2-one","InChI=1S/C13H20O/c1-11(2)7-5-8-12(3)9-6-10-13(4)14/h6-7,9-10H,5,8H2,1-4H3/b10-6+,12-9+",JXJIQCXXJGRKRJ-KOOBJXAQSA-N,CC(C)=CCC\C(C)=C\C=C\C(C)=O,-3.297212067,0,1,G1,192.302,3.8243,62.243,14,1,0,1,5,78,0,0,0,0,17.07,87.2112694,3.896758106,262.9601503
A-236,"1,3-divinylimidazolidin-2-one","InChI=1S/C7H10N2O/c1-3-8-5-6-9(4-2)7(8)10/h3-4H,1-2,5-6H2",HMYBDZFSXBJDGL-UHFFFAOYSA-N,C=CN1CCN(C=C)C1=O,-1.155886444,0,1,G1,138.17,1.011,39.202,10,1,0,3,2,54,0,1,1,1,23.55,60.22505594,2.655338357,158.4449203
A-237,2-amino-4-nitrophenol,"InChI=1S/C6H6N2O3/c7-5-3-4(8(10)11)1-2-6(5)9/h1-3,9H,7H2",VLZVIIYRNMWPSN-UHFFFAOYSA-N,Nc1cc(ccc1O)[N+]([O-])=O,-2.205601857,0.008049072,2,G3,154.125,0.8826,39.1736,11,4,2,5,1,58,1,0,0,1,89.39,62.21850329,3.151549668,297.8789117
A-238,magnesium,InChI=1S/Mg/q+2,JLVVSXFLKOJNIY-UHFFFAOYSA-N,[Mg++],-2.402069338,0.552078934,3,G4,24.305,-0.3808,5.754,1,0,0,1,0,0,0,0,0,0,0,23.63837357,0,0
A-241,oxocalcium,InChI=1S/Ca.O,ODINCKMPIJJUCX-UHFFFAOYSA-N,O=[Ca],-1.768326879,0.866267647,3,G4,56.077,-0.4996,6.4405,2,1,0,2,0,8,0,0,0,0,17.07,37.06721304,2,2
A-242,"5-nitro-1,3-dihydro-2H-benzimidazol-2-one","InChI=1S/C7H5N3O3/c11-7-8-5-2-1-4(10(12)13)3-6(5)9-7/h1-3H,(H2,8,9,11)",DLJZIPVEVJOKHB-UHFFFAOYSA-N,[O-][N+](=O)c1ccc2NC(=O)Nc2c1,-3.274087547,0,1,G1,179.135,0.7644,45.5738,13,3,2,6,1,66,2,0,0,2,91.79,71.35637388,2.743519994,525.0074434
A-243,5-methyl-5-phenylhexan-3-one,"InChI=1S/C13H11N3O3S2/c1-9-2-4-10(5-3-9)21(18,19)11(6-14)7-16-8-12(17)15-13(16)20/h2-5,7H,8H2,1H3,(H,15,17,20)/b11-7+",GPLOHVHPULDLOP-YRNVUSSQSA-N,Cc1ccc(cc1)[S](=O)(=O)/C(=C/N2CC(=O)NC2=S)C#N,-3.529299295,0,1,G1,321.383,0.8504,79.5075,21,5,1,8,3,108,1,1,1,2,90.27,127.13854,2.410771719,773.8746665
A-247,2-ethyl-3-hydroxy-4H-pyran-4-one,"InChI=1S/C7H8O3/c1-2-6-7(9)5(8)3-4-10-6/h3-4,9H,2H2,1H3",YIKYNHJUKRTCJL-UHFFFAOYSA-N,CCC1=C(O)C(=O)C=CO1,-1.17595802,0,1,G1,140.138,0.9078,36.0208,10,3,1,3,1,54,1,0,0,1,50.44,57.92186002,3.27872706,274.4248628
A-249,methyl 2-phenylacetate,"InChI=1S/C9H10O2/c1-11-9(10)7-8-5-3-2-4-6-8/h2-6H,7H2,1H3",CRZQGDNQQAALAY-UHFFFAOYSA-N,COC(=O)Cc1ccccc1,-2.211401723,0,1,G1,150.177,1.4021,42.162,11,2,0,2,2,58,1,0,0,1,26.3,65.80129679,2.579302292,228.5778659
A-251,lead; sulfuric acid; hydrate,"InChI=1S/H2O4S.H2O.Pb/c1-5(2,3)4;;/h(H2,1,2,3,4);1H2;",AWTSMFNITNKUQL-UHFFFAOYSA-N,O.[Pb].O[S](O)(=O)=O,-4.226296416,0,1,G1,323.294,-1.8583,23.5452,7,2,2,7,0,44,0,0,0,0,106.1,60.76948755,-8.00E-08,91.24856185
A-252,1-chloro-2-methyl-3-nitrobenzene,"InChI=1S/C7H6ClNO2/c1-5-6(8)3-2-4-7(5)9(10)11/h2-4H,1H3",XCSNRORTQRKCHB-UHFFFAOYSA-N,Cc1c(Cl)cccc1[N+]([O-])=O,-3.27068643,0,1,G1,171.583,2.55662,42.8434,11,2,0,4,1,58,1,0,0,1,43.14,68.75258718,3.273580822,298.4920898
A-254,calcium dihydroxide,InChI=1S/Ca.2H2O/h;2*1H2/q+2;;/p-2,AXCZMVOFGPJBDE-UHFFFAOYSA-L,[OH-].[OH-].[Ca++],-1.910729926,0.672750255,7,G4,74.092,-0.7344,9.6256,3,2,0,3,0,16,0,0,0,0,60,48.44575261,0,2.754887502
A-255,silicon(+4) cation tetraphosphate,"InChI=1S/4H3O4P.3Si/c4*1-5(2,3)4;;;/h4*(H3,1,2,3,4);;;/q;;;;3*+4/p-12",XLUBVTJUEUUZMR-UHFFFAOYSA-B,[Si+4].[Si+4].[Si+4].[O-][P]([O-])([O-])=O.[O-][P]([O-])([O-])=O.[O-][P]([O-])([O-])=O.[O-][P]([O-])([O-])=O,-3.055986963,0.295382893,3,G5,464.138,-12.4408,47.688,23,16,0,23,0,128,0,0,0,0,345,141.4416007,-2.84E-08,291.9826351
A-256,1-chlorohexane,"InChI=1S/C6H13Cl/c1-2-3-4-5-6-7/h2-6H2,1H3",MLRVZFYXUZQSRU-UHFFFAOYSA-N,CCCCCCCl,-3.122388733,0.227965978,2,G3,120.623,2.8055,34.862,7,0,0,1,4,44,0,0,0,0,0,50.86722783,2.447472888,23.3609904
A-257,"2,2,2-trifluoroethyl methacrylate","InChI=1S/C6H7F3O2/c1-4(2)5(10)11-3-6(7,8)9/h1,3H2,2H3",QTKPMCIBUROOGY-UHFFFAOYSA-N,CC(=C)C(=O)OCC(F)(F)F,-2.268475684,0,1,G1,168.114,1.668,31.828,11,2,0,5,2,64,0,0,0,0,26.3,61.64603211,3.72638742,171.1564341
A-259,bismuth hydroxide nitrate oxide,InChI=1S/Bi.3NO3/c;3*2-1(3)4/q+3;3*-1,PPNKDDZCLDMRHS-UHFFFAOYSA-N,[O-][N+](=O)O[Bi](O[N+]([O-])=O)O[N+]([O-])=O,-2.642008137,0,1,G1,394.992,-1.4038,29.9922,13,9,0,13,6,74,0,0,0,0,157.11,77.82631385,4.095996371,184.8606038
A-262,octan-2-one,"InChI=1S/C8H16O/c1-3-4-5-6-7-8(2)9/h3-7H2,1-2H3",ZPVFWPFBNIEHGJ-UHFFFAOYSA-N,CCCCCCC(C)=O,-2.153696327,0.051848164,2,G3,128.215,2.5458,39.44,9,1,0,1,5,54,0,0,0,0,17.07,57.45536793,2.828868135,76.63682062
A-263,2-[(E)-oct-2-enyl]butanedioic acid,"InChI=1S/C12H20O4/c1-2-3-4-5-6-7-8-10(12(15)16)9-11(13)14/h6-7,10H,2-5,8-9H2,1H3,(H,13,14)(H,15,16)/b7-6+",QWBQTFQCJMOSPK-VOTSOKGWSA-N,CCCCC/C=C/CC(CC(O)=O)C(O)=O,-2.404240574,0,1,G1,228.288,2.6885,61.2776,16,2,2,4,9,92,0,0,0,0,74.6,95.97552296,3.831869773,245.4033153
A-264,"2-(prop-1-en-1-yl)-2,3,3-tripropylbutanedioic acid","InChI=1S/C16H28O4/c1-5-9-15(10-6-2,13(17)18)16(11-7-3,12-8-4)14(19)20/h5,9H,6-8,10-12H2,1-4H3,(H,17,18)(H,19,20)/b9-5+",CDQYPMBESFIYFO-WEVVVXLNSA-N,CCCC(CCC)(C(O)=O)C(CCC)(\C=C\C)C(O)=O,-3.495359601,0,1,G1,284.396,4.1048,79.6756,20,2,2,4,10,116,0,0,0,0,74.6,121.4352914,6.208567894,353.4883731
A-266,17-hydroxy-1-methylandrost-4-en-3-one,"InChI=1S/C20H30O2/c1-12-10-14(21)11-13-4-5-15-16-6-7-18(22)19(16,2)9-8-17(15)20(12,13)3/h11-12,15-18,22H,4-10H2,1-3H3/t12-,15-,16-,17-,18-,19-,20-/m0/s1",KROXBRXHRBCDNO-IFMMWYRXSA-N,C[C@H]1CC(=O)C=C2CC[C@H]3[C@@H]4CC[C@H](O)[C@@]4(C)CC[C@@H]3[C@@]12C,-3.526422567,0,1,G1,302.458,4.1252,87.2638,22,2,1,2,0,122,0,3,4,4,37.3,133.9159794,1.720020178,535.8253338
A-267,"sodium 2-{2,5-dichloro-4-[(E)-2-(2-methyl-1H-indol-3-yl)diazen-1-yl]benzenesulfonamido}ethane-1-sulfonate","InChI=1S/C17H16Cl2N4O5S2.Na/c1-10-17(11-4-2-3-5-14(11)21-10)23-22-15-8-13(19)16(9-12(15)18)30(27,28)20-6-7-29(24,25)26;/h2-5,8-9,20,22H,6-7H2,1H3,(H,24,25,26);/q;+1/p-1/b23-17+;",IQWBFKOZXPTGNT-YFZNFVDXSA-M,[Na+].CC\1=Nc2ccccc2C1=N/Nc3cc(Cl)c(cc3Cl)[S](=O)(=O)NCC[S]([O-])(=O)=O,-3.756179517,0.092818288,2,G3,513.36,-0.2569,115.5854,31,8,2,14,7,160,2,0,1,3,140.12,211.5772261,3.41E-06,1281.422245
A-270,2-hydroxy-1-(4-{[4-(2-hydroxy-2-methylpropanoyl)phenyl]methyl}phenyl)-2-methylpropan-1-one,"InChI=1S/C21H24O4/c1-20(2,24)18(22)16-9-5-14(6-10-16)13-15-7-11-17(12-8-15)19(23)21(3,4)25/h5-12,24-25H,13H2,1-4H3",PCKZAVNWRLEHIP-UHFFFAOYSA-N,CC(C)(O)C(=O)c1ccc(Cc2ccc(cc2)C(=O)C(C)(C)O)cc1,-4.536378597,0,1,G1,340.419,3.1846,96.9466,25,4,2,4,6,132,2,0,0,2,74.6,147.6844881,2.102909304,690.0287279
A-271,barium(+2) cation; iron(+3) cation; oxygen(-2) anion,InChI=1S/Ba.12Fe.19O/q+2;12*+3;19*-2,HPYIMVBXZPJVBV-UHFFFAOYSA-N,[O--].[O--].[O--].[O--].[O--].[O--].[O--].[O--].[O--].[O--].[O--].[O--].[O--].[O--].[O--].[O--].[O--].[O--].[O--].[Fe+3].[Fe+3].[Fe+3].[Fe+3].[Fe+3].[Fe+3].[Fe+3].[Fe+3].[Fe+3].[Fe+3].[Fe+3].[Fe+3].[Ba++],-8.744859544,0,1,G1,1111.449,-2.668,18.7975,32,0,0,32,0,212,0,0,0,0,541.5,351.2263767,0,36.26982724
A-273,"(octahydro-4,7-methano-1H-indenediyl)bis(methylene) diacrylate","InChI=1S/C18H24O4/c1-3-16(19)21-9-11-5-6-14-15-8-12(18(11)14)7-13(15)10-22-17(20)4-2/h3-4,11-15,18H,1-2,5-10H2",VEBCLRKUSAGCDF-UHFFFAOYSA-N,C=CC(=O)OCC1CCC2C3CC(CC3COC(=O)C=C)C12,-4.493085819,0,1,G1,304.386,2.7432,81.72,22,4,0,4,6,120,0,3,3,3,52.6,131.0967021,1.545513958,483.478828
A-276,1-(2-benzenesulfonamidophenyl)-3-phenylurea,"InChI=1S/C19H17N3O3S/c23-19(20-15-9-3-1-4-10-15)21-17-13-7-8-14-18(17)22-26(24,25)16-11-5-2-6-12-16/h1-14,22H,(H2,20,21,23)",BGLZECVIKIGPIF-UHFFFAOYSA-N,O=C(Nc1ccccc1)Nc2ccccc2N[S](=O)(=O)c3ccccc3,-4.578402879,0,1,G1,367.43,4.1314,102.7759,26,3,3,7,5,132,3,0,0,3,87.3,151.4824182,1.771000184,990.8075236
A-277,dipotassium; oxygen(-2) anion; titanium(+4) cation,InChI=1S/2K.3O.Ti/q2*+1;3*-2;+4,KEWYKJOOCFOYTD-UHFFFAOYSA-N,[O--].[O--].[O--].[K+].[K+].[Ti+4],-5.583643126,0.316660188,3,G5,174.06,-6.3509,2.0595,6,0,0,6,0,24,0,0,0,0,85.5,136.6620011,0,8.754887502
A-278,2-ethylhexyl prop-2-enoate,"InChI=1S/C11H20O2/c1-4-7-8-10(5-2)9-13-11(12)6-3/h6,10H,3-5,7-9H2,1-2H3",GOXQRTZXKQZDDN-UHFFFAOYSA-N,CCCCC(CC)COC(=O)C=C,-4.283204614,0.508852307,2,G2,184.279,2.932,54.462,13,2,0,2,7,76,0,0,0,0,26.3,80.97413647,3.578930561,152.1692686
A-280,"zinc bis[O,O-bis(2-ethylhexyl)] bis(dithiophosphate)","InChI=1S/2C16H35O2PS2.Zn/c2*1-5-9-11-15(7-3)13-17-19(20,21)18-14-16(8-4)12-10-6-2;/h2*15-16H,5-14H2,1-4H3,(H,20,21);/q;;+2/p-2",OECQDNKCDGGPFY-UHFFFAOYSA-L,[Zn++].CCCCC(CC)CO[P]([S-])(=S)OCC(CC)CCCC.CCCCC(CC)CO[P]([S-])(=S)OCC(CC)CCCC,-4.928855971,0,1,G1,772.498,12.4451,200.332,43,8,0,11,28,256,0,0,0,0,36.92,302.789615,-7.27E-07,589.7531357
A-284,Tricyclodecanyl acetate,"InChI=1S/C12H18O2/c1-7(13)14-12-6-8-5-11(12)10-4-2-3-9(8)10/h8-12H,2-6H2,1H3",YKFHIJHJBUDXFP-UHFFFAOYSA-N,CC(=O)OC1CC2CC1C3CCCC23,-3.338049828,0,1,G1,194.274,2.3742,52.599,14,2,0,2,1,78,0,3,3,3,26.3,85.01118816,1.73499116,261.047344
A-285,ethanethiol,"InChI=1S/C2H6S/c1-2-3/h3H,2H2,1H3",DNJIEGIFACGWOD-UHFFFAOYSA-N,CCS,-0.84591656,0.150513624,3,G5,62.137,0.9361,19.527,3,1,1,1,0,20,0,0,0,0,0,26.25925981,1.632993162,2.754887502
A-293,3-({[({[(2-ethylhexyl)oxy]carbonyl}peroxy)carbonyl]oxy}methyl)heptane,"InChI=1S/C18H34O6/c1-5-9-11-15(7-3)13-21-17(19)23-24-18(20)22-14-16(8-4)12-10-6-2/h15-16H,5-14H2,1-4H3",ZACVGCNKGYYQHA-UHFFFAOYSA-N,CCCCC(CC)COC(=O)OOC(=O)OCC(CC)CCCC,-2.595175443,0,1,G1,346.464,5.6406,91.478,24,6,0,6,12,142,0,0,0,0,71.06,145.6497874,3.856218775,299.470675
A-295,"3,7-dimethyloct-6-enal","InChI=1S/C10H18O/c1-9(2)5-4-6-10(3)7-8-11/h5,8,10H,4,6-7H2,1-3H3/t10-/m1/s1",NEHNMFOYXAPHSD-SNVBAGLBSA-N,C[C@H](CCC=C(C)C)CC=O,-3.243750947,0,1,G1,154.253,2.9579,48.51,11,1,0,1,5,64,0,0,0,0,17.07,69.49564913,3.376357363,131.8082035
A-296,"(1S,2S)-1-methyl-4-(propan-2-yl)-7-oxabicyclo[2.2.1]heptan-2-ol","InChI=1S/C10H18O2/c1-7(2)10-5-4-9(3,12-10)8(11)6-10/h7-8,11H,4-6H2,1-3H3/t8-,9+,10-/m0/s1",IFQZADDJTDGGCP-AEJSXWLSSA-N,CC(C)[C@@]12CC[C@@](C)(O1)[C@@H](O)C2,-0.288092629,0,1,G1,170.252,1.7149,46.9168,12,2,1,2,1,70,0,2,2,2,29.46,73.91984673,2.250419872,202.0152603
A-297,3-[4-(propan-2-yl)phenyl]propanal,"InChI=1S/C12H16O/c1-10(2)12-7-5-11(6-8-12)4-3-9-13/h5-10H,3-4H2,1-2H3",RLEFOSDUWZYGOS-UHFFFAOYSA-N,CC(C)c1ccc(CCC=O)cc1,-3.302656786,0,1,G1,176.259,2.9415,54.916,13,1,0,1,4,70,1,0,0,1,17.07,79.78257791,2.636328502,258.9578951
A-298,1-bromobutane,"InChI=1S/C4H9Br/c1-2-3-4-5/h2-4H2,1H3",MPPPKRYCTPRNTB-UHFFFAOYSA-N,CCCCBr,-2.197764187,0.086117907,2,G3,137.02,2.1814,28.702,5,0,0,1,2,32,0,0,0,0,0,41.70162498,2.190609687,11.11941548
A-300,sodium hydrogen (2S)-2-dodecanamidopentanedioate,"InChI=1S/C17H31NO5.Na/c1-2-3-4-5-6-7-8-9-10-11-15(19)18-14(17(22)23)12-13-16(20)21;/h14H,2-13H2,1H3,(H,18,19)(H,20,21)(H,22,23);/q;+1/p-1/t14-;/m0./s1",IWIUXJGIDSGWDN-UQKRIMTDSA-M,[Na+].CCCCCCCCCCCC(=O)N[C@@H](CCC(O)=O)C([O-])=O,-3.60911048,0.554343232,2,G2,351.419,-0.9892,85.6515,24,4,2,7,15,134,0,0,0,0,106.53,166.6146205,0,362.8900644
A-301,[2-(1-propoxyethoxy)ethyl]benzene,"InChI=1S/C13H20O2/c1-3-10-14-12(2)15-11-9-13-7-5-4-6-8-13/h4-8,12H,3,9-11H2,1-2H3",FMYCPRQGKSONCP-UHFFFAOYSA-N,CCCOC(C)OCCc1ccccc1,-3.384192904,0,1,G1,208.301,3.0183,61.803,15,2,0,2,7,84,1,0,0,1,18.46,92.21308838,2.107711727,245.9726825
A-304,"6,6-dimethoxy-2,5,5-trimethylhex-2-ene","InChI=1S/C11H22O2/c1-9(2)7-8-11(3,4)10(12-5)13-6/h7,10H,8H2,1-6H3",RDHNTAXPFZIMDN-UHFFFAOYSA-N,COC(OC)C(C)(C)CC=C(C)C,-3.339761604,0,1,G1,186.295,2.9878,55.635,13,2,0,2,5,78,0,0,0,0,18.46,81.9261596,4.27253233,162.9290923
A-305,4-(1-methoxy-1-methylethyl)-1-methylcyclohexene,"InChI=1S/C11H20O/c1-9-5-7-10(8-6-9)11(2,3)12-4/h5,10H,6-8H2,1-4H3",YWJHQHJWHJRTAB-UHFFFAOYSA-N,COC(C)(C)C1CCC(=CC1)C,-3.296613578,0,1,G1,168.28,3.1578,52.186,12,1,0,1,2,70,0,0,1,1,9.23,75.80678322,2.561778865,179.443134
A-307,"cobalt(3+) ion 9-(2-carboxyphenyl)-6-(diethylamino)-N,N-diethyl-3H-xanthen-3-iminium bis(3-methyl-4-[(E)-2-(2-oxido-5-{[3-(propan-2-yloxy)propyl]sulfamoyl}phenyl)diazen-1-yl]-1-phenyl-1H-pyrazol-5-olate)","InChI=1S/C28H30N2O3.2C22H27N5O5S.Co/c1-5-29(6-2)19-13-15-23-25(17-19)33-26-18-20(30(7-3)8-4)14-16-24(26)27(23)21-11-9-10-12-22(21)28(31)32;2*1-15(2)32-13-7-12-23-33(30,31)18-10-11-20(28)19(14-18)24-25-21-16(3)26-27(22(21)29)17-8-5-4-6-9-17;/h9-18H,5-8H2,1-4H3;2*4-6,8-11,14-15,23,28-29H,7,12-13H2,1-3H3;/q;;;+3/p-3",WUVJFYRTCZOXAH-UHFFFAOYSA-K,[Co+3].CCN(CC)c1ccc2c(c1)[o+]c3cc(ccc3c2c4ccccc4C(O)=O)N(CC)CC.CC(C)OCCCN[S](=O)(=O)c5ccc([O-])c(c5)N=Nc6c(C)nn(c6[O-])c7ccccc7.CC(C)OCCCN[S](=O)(=O)c8ccc([O-])c(c8)N=Nc9c(C)nn(c9[O-])c%10ccccc%10,-3.235762244,0.025805925,2,G3,1445.578,12.59564,375.0533,100,21,3,28,28,528,10,0,0,10,343.2,592.3333203,2.10E-07,4439.279828
A-310,"1,4-dichloro-2-nitrobenzene",InChI=1S/C6H3Cl2NO2/c7-4-1-2-5(8)6(3-4)9(10)11/h1-3H,RZKKOBGFCAHLCZ-UHFFFAOYSA-N,[O-][N+](=O)c1cc(Cl)ccc1Cl,-3.364225398,0.37524236,3,G5,192.001,2.9016,43.1164,11,2,0,5,1,58,1,0,0,1,43.14,72.6909113,3.23220887,300.6337992
A-311,"3,7-dimethylnon-6-en-1-yn-3-ol","InChI=1S/C11H18O/c1-5-10(3)8-7-9-11(4,12)6-2/h2,8,12H,5,7,9H2,1,3-4H3/b10-8+",OJXKWJPEGDDDHH-CSKARUKUSA-N,CC/C(C)=C/CCC(C)(O)C#C,-2.302767888,0,1,G1,166.264,2.5071,52.7388,12,1,1,1,4,68,0,0,0,0,20.23,75.49252828,3.791125458,193.5398772
A-314,3-(trimethoxysilyl)propyl 2-methylprop-2-enoate,"InChI=1S/C10H20O5Si/c1-9(2)10(11)15-7-6-8-16(12-3,13-4)14-5/h1,6-8H2,2-5H3",XDLMVUHYZWKMMD-UHFFFAOYSA-N,CO[Si](CCCOC(=O)C(C)=C)(OC)OC,-3.477980722,2.210895308,3,G4,248.351,1.3739,61.978,16,5,0,6,8,94,0,0,0,0,53.99,97.70080288,3.876084167,229.0992256
A-316,"4,4'-Isopropylidenediphenol, oligomeric reaction products with 1-chloro-2,3-epoxypropane, esters with acrylic acid","InChI=1S/C15H16O2.C3H5ClO.C3H4O2/c1-15(2,11-3-7-13(16)8-4-11)12-5-9-14(17)10-6-12;4-1-3-2-5-3;1-2-3(4)5/h3-10,16-17H,1-2H3;3H,1-2H2;2H,1H2,(H,4,5)",RYSXGWPNVZQNNB-UHFFFAOYSA-N,CC(C)(c1ccc(O)cc1)c2ccc(O)cc2.OC(=O)C=C.ClCC3CO3,-3.680444963,0.385515755,2,G3,392.879,4.3047,106.6344,27,4,3,6,4,146,2,1,1,3,90.29,164.0502393,2.98E-07,671.7421159
A-319,"1-phenyl-2,5-dihydro-1H-pyrrole-2,5-dione",InChI=1S/C10H7NO2/c12-9-6-7-10(13)11(9)8-4-2-1-3-5-8/h1-7H,HIDBROSJWZYGSZ-UHFFFAOYSA-N,O=C1C=CC(=O)N1c2ccccc2,-2.327317556,0,1,G1,173.171,1.116,48.075,13,2,0,3,1,64,1,0,1,2,37.38,75.27861526,2.381006529,363.1710361
A-320,"5-methyl-2-(4-methylphenyl)-2,3-dihydro-1H-pyrazol-3-one","InChI=1S/C11H12N2O/c1-8-3-5-10(6-4-8)13-11(14)7-9(2)12-13/h3-6H,7H2,1-2H3",IOQOLGUXWSBWHR-UHFFFAOYSA-N,Cc1ccc(cc1)N2N=C(C)CC2=O,-2.365667988,0,1,G1,188.23,2.10762,56.391,14,2,0,3,1,72,1,0,1,2,32.67,83.03709681,2.315498209,392.2534879
A-321,(4-formylphenyl)boronic acid,"InChI=1S/C7H7BO3/c9-5-6-1-3-7(4-2-6)8(10)11/h1-5,10-11H",VXWBQOJISHAKKM-UHFFFAOYSA-N,OB(O)c1ccc(C=O)cc1,-2.267384667,0,1,G1,149.942,-0.8211,41.6551,11,3,2,4,2,56,1,0,0,1,57.53,64.43893885,2.9098228,242.3675283
A-322,4-methyl-4-phenylpentan-2-one,"InChI=1S/C12H16O/c1-10(13)9-12(2,3)11-7-5-4-6-8-11/h4-8H,9H2,1-3H3",PFDVPCSDZXZDMF-UHFFFAOYSA-N,CC(=O)CC(C)(C)c1ccccc1,-2.337666283,0,1,G1,176.259,2.9433,54.766,13,1,0,1,3,70,1,0,0,1,17.07,79.78257791,2.870813134,285.2526033
A-323,pentyl propanoate,"InChI=1S/C8H16O2/c1-3-5-6-7-10-8(9)4-2/h3-7H2,1-2H3",TWSRVQVEYJNFKQ-UHFFFAOYSA-N,CCCCCOC(=O)CC,-2.250522404,0.485261202,2,G3,144.214,2.1298,40.775,10,2,0,2,5,60,0,0,0,0,26.3,62.56891316,2.961775606,89.25838097
A-324,"1-chloro-1,2,2-trifluoroethene",InChI=1S/C2ClF3/c3-1(4)2(5)6,UUAGAQFQZIEFAH-UHFFFAOYSA-N,FC(F)=C(F)Cl,-2.160954298,0.373978233,2,G3,116.469,2.2603,16.203,6,0,0,4,0,36,0,0,0,0,0,37.21446255,3.675948765,58.86238311
A-326,"Dodecan-1-ol, ethoxylated","InChI=1S/C14H30O2/c1-2-3-4-5-6-7-8-9-10-11-13-16-14-12-15/h15H,2-14H2,1H3",SFNALCNOMXIBKG-UHFFFAOYSA-N,CCCCCCCCCCCCOCCO,-1.459377408,0,1,G1,230.392,3.9162,69.7488,16,2,1,2,13,98,0,0,0,0,29.46,101.3912775,2.828262413,101.3029689
A-328,11-aminoundecanoic acid,"InChI=1S/C11H23NO2/c12-10-8-6-4-2-1-3-5-7-9-11(13)14/h1-10,12H2,(H,13,14)",GUOSQNAUYHMCRU-UHFFFAOYSA-N,NCCCCCCCCCCC(O)=O,-2.400775362,0.196373312,5,G5,201.31,2.5406,58.2432,14,2,2,3,10,84,0,0,0,0,63.32,86.68431872,2.884064615,137.2492211
A-329,"N',N'''''-hexane-1,6-diylbis[N-(4-chlorophenyl)(imidodicarbonimidic diamide)]","InChI=1S/C22H30Cl2N10/c23-15-5-9-17(10-6-15)31-21(27)33-19(25)29-13-3-1-2-4-14-30-20(26)34-22(28)32-18-11-7-16(24)8-12-18/h5-12H,1-4,13-14H2,(H5,25,27,29,31,33)(H5,26,28,30,32,34)",GHXZTYHSJHQHIJ-UHFFFAOYSA-N,NC(Nc1ccc(Cl)cc1)=NC(N)=NCCCCCCN=C(N)N=C(N)Nc2ccc(Cl)cc2,-2.800595088,0,1,G1,505.458,3.3366,144.841,34,2,6,12,9,182,2,0,0,2,177.58,208.785028,1.605501052,931.4857206
A-331,(5Z)-5-ethylidenebicyclo[2.2.1]hept-2-ene,"InChI=1S/C9H12/c1-2-8-5-7-3-4-9(8)6-7/h2-4,7,9H,5-6H2,1H3/b8-2+",OJOWICOBYCXEKR-KRXBUXKQSA-N,C\C=C1/CC2CC1C=C2,-3.176796415,0.476851793,2,G3,120.195,2.5287,39.111,9,0,0,0,0,48,0,1,2,2,0,56.26791957,2.289029629,174.4773318
A-332,"1,3-diethyl-1,3-diphenylurea","InChI=1S/C17H20N2O/c1-3-18(15-11-7-5-8-12-15)17(20)19(4-2)16-13-9-6-10-14-16/h5-14H,3-4H2,1-2H3",PZIMIYVOZBTARW-UHFFFAOYSA-N,CCN(C(=O)N(CC)c1ccccc1)c2ccccc2,-3.525627796,0,1,G1,268.36,4.1594,84.32,20,1,0,3,4,104,2,0,0,2,23.55,119.9943973,2.275576049,489.9311666
A-334,butyl 2-aminobenzoate,"InChI=1S/C11H15NO2/c1-2-3-8-14-11(13)9-6-4-5-7-10(9)12/h4-7H,2-3,8,12H2,1H3",HUIYGGQINIVDNW-UHFFFAOYSA-N,CCCCOC(=O)c1ccccc1N,-3.383020526,0,1,G1,193.246,2.2257,56.0449,14,3,1,3,4,76,1,0,0,1,52.32,83.87107172,2.564465699,309.9107706
A-338,benzyl 2-hydroxybenzoate,"InChI=1S/C14H12O3/c15-13-9-5-4-8-12(13)14(16)17-10-11-6-2-1-3-7-11/h1-9,15H,10H2",ZCTQGTTXIYCGGC-UHFFFAOYSA-N,Oc1ccccc1C(=O)OCc2ccccc2,-4.413922406,0,1,G1,228.247,2.7492,63.6683,17,3,1,3,3,86,2,0,0,2,46.53,99.28768264,2.012836804,505.8855888
A-339,tetrabutylstannane,"InChI=1S/4C4H9.Sn/c4*1-3-4-2;/h4*1,3-4H2,2H3;",AFCAKJKUYFLYFK-UHFFFAOYSA-N,CCCC[Sn](CCCC)(CCCC)CCCC,-4.596065772,0.980202819,2,G2,347.175,6.6356,84.614,17,0,0,1,12,104,0,0,0,0,0,114.8307352,4.391491248,116.0943933
A-342,magnesium(2+) ion dimethanolate,InChI=1S/2CH3O.Mg/c2*1-2;/h2*1H3;/q2*-1;+2,CRGZYKWWYNQGEC-UHFFFAOYSA-N,[Mg++].C[O-].C[O-],-3.994369951,2.247217478,5,G4,86.373,-2.4278,17.602,5,2,0,3,0,28,0,0,0,0,46.12,47.96838761,-1.33E-08,7.609640474
A-343,cadmium,InChI=1S/Cd/q+2,WLZRMCYVCSSEQC-UHFFFAOYSA-N,[Cd++],-4.111293422,0.288895708,2,G3,112.412,-0.0025,0,1,0,0,1,0,0,0,0,0,0,0,27.65102933,0,0
A-347,"6,8-bis(phenylamino)naphthalene-1-sulfonic acid","InChI=1S/C22H18N2O3S/c25-28(26,27)21-13-7-8-16-14-19(23-17-9-3-1-4-10-17)15-20(22(16)21)24-18-11-5-2-6-12-18/h1-15,23-24H,(H,25,26,27)",USFSONWQSVCJBO-UHFFFAOYSA-N,O[S](=O)(=O)c1cccc2cc(Nc3ccccc3)cc(Nc4ccccc4)c12,-4.672502907,0,1,G1,390.464,5.5737,113.212,28,4,3,6,5,140,4,0,0,4,78.43,162.9556164,1.900270664,1224.864054
A-348,di-tert-butyl sec-butylidene diperoxide,"InChI=1S/C12H26O4/c1-9-12(8,15-13-10(2,3)4)16-14-11(5,6)7/h9H2,1-8H3",HQOVXPHOJANJBR-UHFFFAOYSA-N,CCC(C)(OOC(C)(C)C)OOC(C)(C)C,-4.45076092,0,1,G1,234.336,3.606,62.542,16,4,0,4,5,98,0,0,0,0,36.92,99.06638584,4.21219129,182.04475
